-- MariaDB dump 10.19  Distrib 10.4.32-MariaDB, for Win64 (AMD64)
--
-- Host: localhost    Database: debit
-- ------------------------------------------------------
-- Server version	10.4.32-MariaDB

/*!40101 SET @OLD_CHARACTER_SET_CLIENT=@@CHARACTER_SET_CLIENT */;
/*!40101 SET @OLD_CHARACTER_SET_RESULTS=@@CHARACTER_SET_RESULTS */;
/*!40101 SET @OLD_COLLATION_CONNECTION=@@COLLATION_CONNECTION */;
/*!40101 SET NAMES utf8mb4 */;
/*!40103 SET @OLD_TIME_ZONE=@@TIME_ZONE */;
/*!40103 SET TIME_ZONE='+00:00' */;
/*!40014 SET @OLD_UNIQUE_CHECKS=@@UNIQUE_CHECKS, UNIQUE_CHECKS=0 */;
/*!40014 SET @OLD_FOREIGN_KEY_CHECKS=@@FOREIGN_KEY_CHECKS, FOREIGN_KEY_CHECKS=0 */;
/*!40101 SET @OLD_SQL_MODE=@@SQL_MODE, SQL_MODE='NO_AUTO_VALUE_ON_ZERO' */;
/*!40111 SET @OLD_SQL_NOTES=@@SQL_NOTES, SQL_NOTES=0 */;

--
-- Table structure for table `convoyeurs`
--

DROP TABLE IF EXISTS `convoyeurs`;
/*!40101 SET @saved_cs_client     = @@character_set_client */;
/*!40101 SET character_set_client = utf8 */;
CREATE TABLE `convoyeurs` (
  `id` int(11) NOT NULL AUTO_INCREMENT,
  `nom_convoyeur` varchar(50) NOT NULL,
  `description` text DEFAULT NULL,
  PRIMARY KEY (`id`),
  UNIQUE KEY `nom_convoyeur` (`nom_convoyeur`)
) ENGINE=InnoDB AUTO_INCREMENT=8 DEFAULT CHARSET=utf8 COLLATE=utf8_general_ci;
/*!40101 SET character_set_client = @saved_cs_client */;

--
-- Dumping data for table `convoyeurs`
--

LOCK TABLES `convoyeurs` WRITE;
/*!40000 ALTER TABLE `convoyeurs` DISABLE KEYS */;
INSERT INTO `convoyeurs` VALUES (1,'PC.P1.CUMUL_RA50_P0','Convoyeur principal RA'),(2,'PC.P1.CUMUL_RB50_P0','Convoyeur principal RB'),(4,'PC.P1.CUMUL_RC50_P0','Convoyeur principal RC'),(5,'PC.P1.CUMUL_RD50_P0','Convoyeur principal RD');
/*!40000 ALTER TABLE `convoyeurs` ENABLE KEYS */;
UNLOCK TABLES;

--
-- Table structure for table `etats_production`
--

DROP TABLE IF EXISTS `etats_production`;
/*!40101 SET @saved_cs_client     = @@character_set_client */;
/*!40101 SET character_set_client = utf8 */;
CREATE TABLE `etats_production` (
  `id` int(11) NOT NULL AUTO_INCREMENT,
  `convoyeur_id` int(11) NOT NULL,
  `etat` enum('nominal','sous_vitesse','vidange','arret','inconnu') NOT NULL,
  `debut` datetime NOT NULL,
  `fin` datetime NOT NULL,
  PRIMARY KEY (`id`),
  KEY `convoyeur_id` (`convoyeur_id`),
  CONSTRAINT `etats_production_ibfk_1` FOREIGN KEY (`convoyeur_id`) REFERENCES `convoyeurs` (`id`) ON DELETE CASCADE
) ENGINE=InnoDB AUTO_INCREMENT=22 DEFAULT CHARSET=utf8 COLLATE=utf8_general_ci;
/*!40101 SET character_set_client = @saved_cs_client */;

--
-- Dumping data for table `etats_production`
--

LOCK TABLES `etats_production` WRITE;
/*!40000 ALTER TABLE `etats_production` DISABLE KEYS */;
INSERT INTO `etats_production` VALUES (1,1,'nominal','2025-04-07 08:00:00','2025-04-07 12:00:00'),(2,1,'arret','2025-04-07 12:00:00','2025-04-07 14:00:00'),(3,1,'nominal','2025-04-01 08:00:00','2025-04-01 16:00:00'),(4,1,'sous_vitesse','2025-04-02 09:00:00','2025-04-02 17:00:00'),(5,1,'arret','2025-04-03 10:00:00','2025-04-03 18:00:00'),(6,1,'vidange','2025-04-04 11:00:00','2025-04-04 19:00:00'),(7,1,'inconnu','2025-04-05 12:00:00','2025-04-05 20:00:00'),(8,1,'nominal','2025-04-06 08:00:00','2025-04-06 16:00:00'),(9,1,'sous_vitesse','2025-04-07 09:00:00','2025-04-07 17:00:00'),(10,1,'arret','2025-04-08 10:00:00','2025-04-08 18:00:00'),(11,1,'vidange','2025-04-09 11:00:00','2025-04-09 19:00:00'),(12,1,'inconnu','2025-04-10 12:00:00','2025-04-10 20:00:00'),(13,2,'nominal','2025-04-01 08:00:00','2025-04-01 16:00:00'),(14,2,'sous_vitesse','2025-04-02 09:00:00','2025-04-02 17:00:00'),(15,2,'arret','2025-04-03 10:00:00','2025-04-03 18:00:00'),(16,4,'nominal','2025-04-01 08:00:00','2025-04-01 16:00:00'),(17,4,'sous_vitesse','2025-04-02 09:00:00','2025-04-02 17:00:00'),(18,4,'arret','2025-04-03 10:00:00','2025-04-03 18:00:00'),(19,5,'nominal','2025-04-01 08:00:00','2025-04-01 16:00:00'),(20,5,'sous_vitesse','2025-04-02 09:00:00','2025-04-02 17:00:00'),(21,5,'arret','2025-04-03 10:00:00','2025-04-03 18:00:00');
/*!40000 ALTER TABLE `etats_production` ENABLE KEYS */;
UNLOCK TABLES;

--
-- Table structure for table `tonnagedata`
--

DROP TABLE IF EXISTS `tonnagedata`;
/*!40101 SET @saved_cs_client     = @@character_set_client */;
/*!40101 SET character_set_client = utf8 */;
CREATE TABLE `tonnagedata` (
  `id` int(11) NOT NULL AUTO_INCREMENT,
  `installation` varchar(50) NOT NULL,
  `date` datetime NOT NULL,
  `debit` decimal(10,2) NOT NULL,
  PRIMARY KEY (`id`),
  KEY `installation` (`installation`),
  KEY `date` (`date`)
) ENGINE=InnoDB AUTO_INCREMENT=130 DEFAULT CHARSET=utf8mb4 COLLATE=utf8mb4_general_ci;
/*!40101 SET character_set_client = @saved_cs_client */;

--
-- Dumping data for table `tonnagedata`
--

LOCK TABLES `tonnagedata` WRITE;
/*!40000 ALTER TABLE `tonnagedata` DISABLE KEYS */;
INSERT INTO `tonnagedata` VALUES (1,'PC.pesage.FLM_RA50','2025-04-07 08:00:00',120.50),(2,'PC.pesage.FLM_RB50','2025-04-07 09:00:00',130.70),(3,'PC.pesage.FLM_RC50','2025-04-07 10:00:00',95.30),(4,'PC.pesage.FLM_RD50','2025-04-07 10:00:00',76.80),(5,'PC.pesage.FLM_RB50','2025-04-01 01:00:00',117.70),(6,'PC.pesage.FLM_RC50','2025-04-01 00:00:00',73.20),(7,'PC.pesage.FLM_RD50','2025-04-01 00:00:00',60.70),(8,'PC.pesage.FLM_RA50','2025-04-01 01:00:00',110.60),(9,'PC.pesage.FLM_RB50','2025-04-01 01:00:00',85.20),(10,'PC.pesage.FLM_RC50','2025-04-01 01:00:00',73.70),(11,'PC.pesage.FLM_RD50','2025-04-01 01:00:00',110.90),(12,'PC.pesage.FLM_RA50','2025-04-01 02:00:00',100.80),(13,'PC.pesage.FLM_RB50','2025-04-01 02:00:00',62.50),(14,'PC.pesage.FLM_RC50','2025-04-01 02:00:00',112.70),(15,'PC.pesage.FLM_RD50','2025-04-01 02:00:00',94.50),(16,'PC.pesage.FLM_RA50','2025-04-01 03:00:00',92.10),(17,'PC.pesage.FLM_RB50','2025-04-01 03:00:00',113.10),(18,'PC.pesage.FLM_RA50','2025-03-26 08:00:00',115.20),(19,'PC.pesage.FLM_RB50','2025-03-26 08:00:00',125.70),(20,'PC.pesage.FLM_RC50','2025-03-26 08:00:00',92.30),(21,'PC.pesage.FLM_RD50','2025-03-26 08:00:00',78.50),(22,'PC.pesage.FLM_RA50','2025-03-26 12:00:00',108.40),(23,'PC.pesage.FLM_RB50','2025-03-26 12:00:00',118.90),(24,'PC.pesage.FLM_RC50','2025-03-26 12:00:00',87.60),(25,'PC.pesage.FLM_RD50','2025-03-26 12:00:00',72.10),(26,'PC.pesage.FLM_RA50','2025-03-27 08:00:00',120.50),(27,'PC.pesage.FLM_RB50','2025-03-27 08:00:00',130.70),(28,'PC.pesage.FLM_RC50','2025-03-27 08:00:00',95.30),(29,'PC.pesage.FLM_RD50','2025-03-27 08:00:00',76.80),(30,'PC.pesage.FLM_RA50','2025-03-27 16:00:00',112.30),(31,'PC.pesage.FLM_RB50','2025-03-27 16:00:00',122.80),(32,'PC.pesage.FLM_RC50','2025-03-27 16:00:00',89.40),(33,'PC.pesage.FLM_RD50','2025-03-27 16:00:00',74.20),(34,'PC.pesage.FLM_RA50','2025-03-28 08:00:00',118.70),(35,'PC.pesage.FLM_RB50','2025-03-28 08:00:00',128.30),(36,'PC.pesage.FLM_RC50','2025-03-28 08:00:00',93.80),(37,'PC.pesage.FLM_RD50','2025-03-28 08:00:00',75.60),(38,'PC.pesage.FLM_RA50','2025-03-28 20:00:00',105.90),(39,'PC.pesage.FLM_RB50','2025-03-28 20:00:00',115.40),(40,'PC.pesage.FLM_RC50','2025-03-28 20:00:00',84.70),(41,'PC.pesage.FLM_RD50','2025-03-28 20:00:00',70.30),(42,'PC.pesage.FLM_RA50','2025-03-29 08:00:00',122.10),(43,'PC.pesage.FLM_RB50','2025-03-29 08:00:00',132.50),(44,'PC.pesage.FLM_RC50','2025-03-29 08:00:00',97.20),(45,'PC.pesage.FLM_RD50','2025-03-29 08:00:00',79.40),(46,'PC.pesage.FLM_RA50','2025-03-29 12:00:00',114.60),(47,'PC.pesage.FLM_RB50','2025-03-29 12:00:00',124.90),(48,'PC.pesage.FLM_RC50','2025-03-29 12:00:00',91.80),(49,'PC.pesage.FLM_RD50','2025-03-29 12:00:00',73.50),(50,'PC.pesage.FLM_RA50','2025-03-30 08:00:00',119.80),(51,'PC.pesage.FLM_RB50','2025-03-30 08:00:00',129.40),(52,'PC.pesage.FLM_RC50','2025-03-30 08:00:00',94.70),(53,'PC.pesage.FLM_RD50','2025-03-30 08:00:00',77.20),(54,'PC.pesage.FLM_RA50','2025-03-30 16:00:00',111.50),(55,'PC.pesage.FLM_RB50','2025-03-30 16:00:00',121.80),(56,'PC.pesage.FLM_RC50','2025-03-30 16:00:00',88.90),(57,'PC.pesage.FLM_RD50','2025-03-30 16:00:00',72.60),(58,'PC.pesage.FLM_RA50','2025-03-31 08:00:00',117.30),(59,'PC.pesage.FLM_RB50','2025-03-31 08:00:00',127.60),(60,'PC.pesage.FLM_RC50','2025-03-31 08:00:00',92.90),(61,'PC.pesage.FLM_RD50','2025-03-31 08:00:00',75.10),(62,'PC.pesage.FLM_RA50','2025-03-31 20:00:00',109.80),(63,'PC.pesage.FLM_RB50','2025-03-31 20:00:00',119.30),(64,'PC.pesage.FLM_RC50','2025-03-31 20:00:00',86.50),(65,'PC.pesage.FLM_RD50','2025-03-31 20:00:00',71.40),(66,'PC.pesage.FLM_RA50','2025-04-01 08:00:00',120.90),(67,'PC.pesage.FLM_RB50','2025-04-01 08:00:00',130.20),(68,'PC.pesage.FLM_RC50','2025-04-01 08:00:00',95.80),(69,'PC.pesage.FLM_RD50','2025-04-01 08:00:00',78.30),(70,'PC.pesage.FLM_RA50','2025-04-01 16:00:00',113.70),(71,'PC.pesage.FLM_RB50','2025-04-01 16:00:00',123.40),(72,'PC.pesage.FLM_RC50','2025-04-01 16:00:00',90.60),(73,'PC.pesage.FLM_RD50','2025-04-01 16:00:00',74.90),(74,'PC.pesage.FLM_RA50','2025-04-02 08:00:00',118.20),(75,'PC.pesage.FLM_RB50','2025-04-02 08:00:00',128.70),(76,'PC.pesage.FLM_RC50','2025-04-02 08:00:00',94.10),(77,'PC.pesage.FLM_RD50','2025-04-02 08:00:00',76.50),(78,'PC.pesage.FLM_RA50','2025-04-02 12:00:00',110.40),(79,'PC.pesage.FLM_RB50','2025-04-02 12:00:00',120.90),(80,'PC.pesage.FLM_RC50','2025-04-02 12:00:00',87.30),(81,'PC.pesage.FLM_RD50','2025-04-02 12:00:00',72.80),(82,'PC.pesage.FLM_RA50','2025-04-03 08:00:00',121.60),(83,'PC.pesage.FLM_RB50','2025-04-03 08:00:00',131.90),(84,'PC.pesage.FLM_RC50','2025-04-03 08:00:00',96.40),(85,'PC.pesage.FLM_RD50','2025-04-03 08:00:00',79.20),(86,'PC.pesage.FLM_RA50','2025-04-03 20:00:00',114.80),(87,'PC.pesage.FLM_RB50','2025-04-03 20:00:00',124.30),(88,'PC.pesage.FLM_RC50','2025-04-03 20:00:00',91.70),(89,'PC.pesage.FLM_RD50','2025-04-03 20:00:00',75.60),(90,'PC.pesage.FLM_RA50','2025-04-04 08:00:00',119.50),(91,'PC.pesage.FLM_RB50','2025-04-04 08:00:00',129.80),(92,'PC.pesage.FLM_RC50','2025-04-04 08:00:00',95.10),(93,'PC.pesage.FLM_RD50','2025-04-04 08:00:00',77.90),(94,'PC.pesage.FLM_RA50','2025-04-04 16:00:00',112.30),(95,'PC.pesage.FLM_RB50','2025-04-04 16:00:00',122.70),(96,'PC.pesage.FLM_RC50','2025-04-04 16:00:00',89.20),(97,'PC.pesage.FLM_RD50','2025-04-04 16:00:00',73.80),(98,'PC.pesage.FLM_RA50','2025-04-05 08:00:00',117.90),(99,'PC.pesage.FLM_RB50','2025-04-05 08:00:00',127.30),(100,'PC.pesage.FLM_RC50','2025-04-05 08:00:00',93.60),(101,'PC.pesage.FLM_RD50','2025-04-05 08:00:00',76.20),(102,'PC.pesage.FLM_RA50','2025-04-05 12:00:00',109.70),(103,'PC.pesage.FLM_RB50','2025-04-05 12:00:00',119.20),(104,'PC.pesage.FLM_RC50','2025-04-05 12:00:00',86.40),(105,'PC.pesage.FLM_RD50','2025-04-05 12:00:00',71.50),(106,'PC.pesage.FLM_RA50','2025-04-06 08:00:00',120.30),(107,'PC.pesage.FLM_RB50','2025-04-06 08:00:00',130.60),(108,'PC.pesage.FLM_RC50','2025-04-06 08:00:00',95.90),(109,'PC.pesage.FLM_RD50','2025-04-06 08:00:00',78.70),(110,'PC.pesage.FLM_RA50','2025-04-06 20:00:00',113.50),(111,'PC.pesage.FLM_RB50','2025-04-06 20:00:00',123.80),(112,'PC.pesage.FLM_RC50','2025-04-06 20:00:00',90.30),(113,'PC.pesage.FLM_RD50','2025-04-06 20:00:00',74.90),(114,'PC.pesage.FLM_RA50','2025-04-07 08:00:00',118.80),(115,'PC.pesage.FLM_RB50','2025-04-07 08:00:00',128.40),(116,'PC.pesage.FLM_RC50','2025-04-07 08:00:00',94.70),(117,'PC.pesage.FLM_RD50','2025-04-07 08:00:00',77.30),(118,'PC.pesage.FLM_RA50','2025-04-07 16:00:00',111.20),(119,'PC.pesage.FLM_RB50','2025-04-07 16:00:00',121.70),(120,'PC.pesage.FLM_RC50','2025-04-07 16:00:00',88.90),(121,'PC.pesage.FLM_RD50','2025-04-07 16:00:00',73.60),(122,'PC.pesage.FLM_RA50','2025-04-08 08:00:00',119.70),(123,'PC.pesage.FLM_RB50','2025-04-08 08:00:00',129.30),(124,'PC.pesage.FLM_RC50','2025-04-08 08:00:00',94.80),(125,'PC.pesage.FLM_RD50','2025-04-08 08:00:00',77.50),(126,'PC.pesage.FLM_RA50','2025-04-08 12:00:00',112.60),(127,'PC.pesage.FLM_RB50','2025-04-08 12:00:00',122.90),(128,'PC.pesage.FLM_RC50','2025-04-08 12:00:00',89.50),(129,'PC.pesage.FLM_RD50','2025-04-08 12:00:00',74.10);
/*!40000 ALTER TABLE `tonnagedata` ENABLE KEYS */;
UNLOCK TABLES;

--
-- Table structure for table `tonnagedata_backup_2024`
--

DROP TABLE IF EXISTS `tonnagedata_backup_2024`;
/*!40101 SET @saved_cs_client     = @@character_set_client */;
/*!40101 SET character_set_client = utf8 */;
CREATE TABLE `tonnagedata_backup_2024` (
  `id` int(11) NOT NULL DEFAULT 0,
  `installation` varchar(50) NOT NULL,
  `date` datetime NOT NULL,
  `debit` decimal(10,2) NOT NULL
) ENGINE=InnoDB DEFAULT CHARSET=utf8mb4 COLLATE=utf8mb4_general_ci;
/*!40101 SET character_set_client = @saved_cs_client */;

--
-- Dumping data for table `tonnagedata_backup_2024`
--

LOCK TABLES `tonnagedata_backup_2024` WRITE;
/*!40000 ALTER TABLE `tonnagedata_backup_2024` DISABLE KEYS */;
INSERT INTO `tonnagedata_backup_2024` VALUES (1,'PC.pesage.FLM_RA50','2025-04-07 08:00:00',120.50),(2,'PC.pesage.FLM_RB50','2025-04-07 09:00:00',130.70),(3,'PC.pesage.FLM_RC50','2025-04-07 10:00:00',95.30),(4,'PC.pesage.FLM_RD50','2024-04-07 10:00:00',76.80),(5,'PC.pesage.FLM_RB50','2024-04-01 01:00:00',117.70),(6,'PC.pesage.FLM_RC50','2024-04-01 00:00:00',73.20),(7,'PC.pesage.FLM_RD50','2024-04-01 00:00:00',60.70),(8,'PC.pesage.FLM_RA50','2024-04-01 01:00:00',110.60),(9,'PC.pesage.FLM_RB50','2024-04-01 01:00:00',85.20),(10,'PC.pesage.FLM_RC50','2024-04-01 01:00:00',73.70),(11,'PC.pesage.FLM_RD50','2024-04-01 01:00:00',110.90),(12,'PC.pesage.FLM_RA50','2024-04-01 02:00:00',100.80),(13,'PC.pesage.FLM_RB50','2024-04-01 02:00:00',62.50),(14,'PC.pesage.FLM_RC50','2024-04-01 02:00:00',112.70),(15,'PC.pesage.FLM_RD50','2024-04-01 02:00:00',94.50),(16,'PC.pesage.FLM_RA50','2024-04-01 03:00:00',92.10),(17,'PC.pesage.FLM_RB50','2024-04-01 03:00:00',113.10),(18,'PC.pesage.FLM_RA50','2024-03-26 08:00:00',115.20),(19,'PC.pesage.FLM_RB50','2024-03-26 08:00:00',125.70),(20,'PC.pesage.FLM_RC50','2024-03-26 08:00:00',92.30),(21,'PC.pesage.FLM_RD50','2024-03-26 08:00:00',78.50),(22,'PC.pesage.FLM_RA50','2024-03-26 12:00:00',108.40),(23,'PC.pesage.FLM_RB50','2024-03-26 12:00:00',118.90),(24,'PC.pesage.FLM_RC50','2024-03-26 12:00:00',87.60),(25,'PC.pesage.FLM_RD50','2024-03-26 12:00:00',72.10),(26,'PC.pesage.FLM_RA50','2024-03-27 08:00:00',120.50),(27,'PC.pesage.FLM_RB50','2024-03-27 08:00:00',130.70),(28,'PC.pesage.FLM_RC50','2024-03-27 08:00:00',95.30),(29,'PC.pesage.FLM_RD50','2024-03-27 08:00:00',76.80),(30,'PC.pesage.FLM_RA50','2024-03-27 16:00:00',112.30),(31,'PC.pesage.FLM_RB50','2024-03-27 16:00:00',122.80),(32,'PC.pesage.FLM_RC50','2024-03-27 16:00:00',89.40),(33,'PC.pesage.FLM_RD50','2024-03-27 16:00:00',74.20),(34,'PC.pesage.FLM_RA50','2024-03-28 08:00:00',118.70),(35,'PC.pesage.FLM_RB50','2024-03-28 08:00:00',128.30),(36,'PC.pesage.FLM_RC50','2024-03-28 08:00:00',93.80),(37,'PC.pesage.FLM_RD50','2024-03-28 08:00:00',75.60),(38,'PC.pesage.FLM_RA50','2024-03-28 20:00:00',105.90),(39,'PC.pesage.FLM_RB50','2024-03-28 20:00:00',115.40),(40,'PC.pesage.FLM_RC50','2024-03-28 20:00:00',84.70),(41,'PC.pesage.FLM_RD50','2024-03-28 20:00:00',70.30),(42,'PC.pesage.FLM_RA50','2024-03-29 08:00:00',122.10),(43,'PC.pesage.FLM_RB50','2024-03-29 08:00:00',132.50),(44,'PC.pesage.FLM_RC50','2024-03-29 08:00:00',97.20),(45,'PC.pesage.FLM_RD50','2024-03-29 08:00:00',79.40),(46,'PC.pesage.FLM_RA50','2024-03-29 12:00:00',114.60),(47,'PC.pesage.FLM_RB50','2024-03-29 12:00:00',124.90),(48,'PC.pesage.FLM_RC50','2024-03-29 12:00:00',91.80),(49,'PC.pesage.FLM_RD50','2024-03-29 12:00:00',73.50),(50,'PC.pesage.FLM_RA50','2024-03-30 08:00:00',119.80),(51,'PC.pesage.FLM_RB50','2024-03-30 08:00:00',129.40),(52,'PC.pesage.FLM_RC50','2024-03-30 08:00:00',94.70),(53,'PC.pesage.FLM_RD50','2024-03-30 08:00:00',77.20),(54,'PC.pesage.FLM_RA50','2024-03-30 16:00:00',111.50),(55,'PC.pesage.FLM_RB50','2024-03-30 16:00:00',121.80),(56,'PC.pesage.FLM_RC50','2024-03-30 16:00:00',88.90),(57,'PC.pesage.FLM_RD50','2024-03-30 16:00:00',72.60),(58,'PC.pesage.FLM_RA50','2024-03-31 08:00:00',117.30),(59,'PC.pesage.FLM_RB50','2024-03-31 08:00:00',127.60),(60,'PC.pesage.FLM_RC50','2024-03-31 08:00:00',92.90),(61,'PC.pesage.FLM_RD50','2024-03-31 08:00:00',75.10),(62,'PC.pesage.FLM_RA50','2024-03-31 20:00:00',109.80),(63,'PC.pesage.FLM_RB50','2024-03-31 20:00:00',119.30),(64,'PC.pesage.FLM_RC50','2024-03-31 20:00:00',86.50),(65,'PC.pesage.FLM_RD50','2024-03-31 20:00:00',71.40),(66,'PC.pesage.FLM_RA50','2024-04-01 08:00:00',120.90),(67,'PC.pesage.FLM_RB50','2024-04-01 08:00:00',130.20),(68,'PC.pesage.FLM_RC50','2024-04-01 08:00:00',95.80),(69,'PC.pesage.FLM_RD50','2024-04-01 08:00:00',78.30),(70,'PC.pesage.FLM_RA50','2024-04-01 16:00:00',113.70),(71,'PC.pesage.FLM_RB50','2024-04-01 16:00:00',123.40),(72,'PC.pesage.FLM_RC50','2024-04-01 16:00:00',90.60),(73,'PC.pesage.FLM_RD50','2024-04-01 16:00:00',74.90),(74,'PC.pesage.FLM_RA50','2024-04-02 08:00:00',118.20),(75,'PC.pesage.FLM_RB50','2024-04-02 08:00:00',128.70),(76,'PC.pesage.FLM_RC50','2024-04-02 08:00:00',94.10),(77,'PC.pesage.FLM_RD50','2024-04-02 08:00:00',76.50),(78,'PC.pesage.FLM_RA50','2024-04-02 12:00:00',110.40),(79,'PC.pesage.FLM_RB50','2024-04-02 12:00:00',120.90),(80,'PC.pesage.FLM_RC50','2024-04-02 12:00:00',87.30),(81,'PC.pesage.FLM_RD50','2024-04-02 12:00:00',72.80),(82,'PC.pesage.FLM_RA50','2024-04-03 08:00:00',121.60),(83,'PC.pesage.FLM_RB50','2024-04-03 08:00:00',131.90),(84,'PC.pesage.FLM_RC50','2024-04-03 08:00:00',96.40),(85,'PC.pesage.FLM_RD50','2024-04-03 08:00:00',79.20),(86,'PC.pesage.FLM_RA50','2024-04-03 20:00:00',114.80),(87,'PC.pesage.FLM_RB50','2024-04-03 20:00:00',124.30),(88,'PC.pesage.FLM_RC50','2024-04-03 20:00:00',91.70),(89,'PC.pesage.FLM_RD50','2024-04-03 20:00:00',75.60),(90,'PC.pesage.FLM_RA50','2024-04-04 08:00:00',119.50),(91,'PC.pesage.FLM_RB50','2024-04-04 08:00:00',129.80),(92,'PC.pesage.FLM_RC50','2024-04-04 08:00:00',95.10),(93,'PC.pesage.FLM_RD50','2024-04-04 08:00:00',77.90),(94,'PC.pesage.FLM_RA50','2024-04-04 16:00:00',112.30),(95,'PC.pesage.FLM_RB50','2024-04-04 16:00:00',122.70),(96,'PC.pesage.FLM_RC50','2024-04-04 16:00:00',89.20),(97,'PC.pesage.FLM_RD50','2024-04-04 16:00:00',73.80),(98,'PC.pesage.FLM_RA50','2024-04-05 08:00:00',117.90),(99,'PC.pesage.FLM_RB50','2024-04-05 08:00:00',127.30),(100,'PC.pesage.FLM_RC50','2024-04-05 08:00:00',93.60),(101,'PC.pesage.FLM_RD50','2024-04-05 08:00:00',76.20),(102,'PC.pesage.FLM_RA50','2024-04-05 12:00:00',109.70),(103,'PC.pesage.FLM_RB50','2024-04-05 12:00:00',119.20),(104,'PC.pesage.FLM_RC50','2024-04-05 12:00:00',86.40),(105,'PC.pesage.FLM_RD50','2024-04-05 12:00:00',71.50),(106,'PC.pesage.FLM_RA50','2024-04-06 08:00:00',120.30),(107,'PC.pesage.FLM_RB50','2024-04-06 08:00:00',130.60),(108,'PC.pesage.FLM_RC50','2024-04-06 08:00:00',95.90),(109,'PC.pesage.FLM_RD50','2024-04-06 08:00:00',78.70),(110,'PC.pesage.FLM_RA50','2024-04-06 20:00:00',113.50),(111,'PC.pesage.FLM_RB50','2024-04-06 20:00:00',123.80),(112,'PC.pesage.FLM_RC50','2024-04-06 20:00:00',90.30),(113,'PC.pesage.FLM_RD50','2024-04-06 20:00:00',74.90),(114,'PC.pesage.FLM_RA50','2024-04-07 08:00:00',118.80),(115,'PC.pesage.FLM_RB50','2024-04-07 08:00:00',128.40),(116,'PC.pesage.FLM_RC50','2024-04-07 08:00:00',94.70),(117,'PC.pesage.FLM_RD50','2024-04-07 08:00:00',77.30),(118,'PC.pesage.FLM_RA50','2024-04-07 16:00:00',111.20),(119,'PC.pesage.FLM_RB50','2024-04-07 16:00:00',121.70),(120,'PC.pesage.FLM_RC50','2024-04-07 16:00:00',88.90),(121,'PC.pesage.FLM_RD50','2024-04-07 16:00:00',73.60),(122,'PC.pesage.FLM_RA50','2024-04-08 08:00:00',119.70),(123,'PC.pesage.FLM_RB50','2024-04-08 08:00:00',129.30),(124,'PC.pesage.FLM_RC50','2024-04-08 08:00:00',94.80),(125,'PC.pesage.FLM_RD50','2024-04-08 08:00:00',77.50),(126,'PC.pesage.FLM_RA50','2024-04-08 12:00:00',112.60),(127,'PC.pesage.FLM_RB50','2024-04-08 12:00:00',122.90),(128,'PC.pesage.FLM_RC50','2024-04-08 12:00:00',89.50),(129,'PC.pesage.FLM_RD50','2024-04-08 12:00:00',74.10);
/*!40000 ALTER TABLE `tonnagedata_backup_2024` ENABLE KEYS */;
UNLOCK TABLES;

--
-- Table structure for table `tonnages`
--

DROP TABLE IF EXISTS `tonnages`;
/*!40101 SET @saved_cs_client     = @@character_set_client */;
/*!40101 SET character_set_client = utf8 */;
CREATE TABLE `tonnages` (
  `id` int(11) NOT NULL AUTO_INCREMENT,
  `convoyeur_id` int(11) NOT NULL,
  `tonnage` float NOT NULL,
  `date` datetime NOT NULL,
  PRIMARY KEY (`id`),
  KEY `convoyeur_id` (`convoyeur_id`),
  KEY `id` (`id`),
  CONSTRAINT `tonnages_ibfk_1` FOREIGN KEY (`convoyeur_id`) REFERENCES `convoyeurs` (`id`) ON DELETE CASCADE
) ENGINE=InnoDB AUTO_INCREMENT=80 DEFAULT CHARSET=utf8 COLLATE=utf8_general_ci;
/*!40101 SET character_set_client = @saved_cs_client */;

--
-- Dumping data for table `tonnages`
--

LOCK TABLES `tonnages` WRITE;
/*!40000 ALTER TABLE `tonnages` DISABLE KEYS */;
INSERT INTO `tonnages` VALUES (27,1,130554,'2025-04-07 23:56:01'),(65,2,285905,'2025-04-07 23:56:01'),(69,4,142351,'2025-04-07 23:56:01'),(70,5,420838,'2025-04-07 23:56:01'),(71,1,130500,'2025-04-06 23:56:01'),(72,2,285900,'2025-04-06 23:56:01'),(73,1,130500,'2025-04-06 23:56:01'),(74,2,285900,'2025-04-06 23:56:01'),(75,5,420000,'2025-04-06 23:56:01'),(76,4,142000,'2025-04-06 23:56:01'),(77,2,286141,'2025-04-07 23:56:01'),(78,4,143977,'2025-04-07 23:56:01'),(79,5,421338,'2025-04-07 23:56:01');
/*!40000 ALTER TABLE `tonnages` ENABLE KEYS */;
UNLOCK TABLES;

--
-- Table structure for table `users`
--

DROP TABLE IF EXISTS `users`;
/*!40101 SET @saved_cs_client     = @@character_set_client */;
/*!40101 SET character_set_client = utf8 */;
CREATE TABLE `users` (
  `id` int(11) NOT NULL AUTO_INCREMENT,
  `username` varchar(50) NOT NULL,
  `password` varchar(255) NOT NULL,
  `role` enum('admin','operator') NOT NULL,
  PRIMARY KEY (`id`),
  UNIQUE KEY `username` (`username`)
) ENGINE=InnoDB AUTO_INCREMENT=3 DEFAULT CHARSET=utf8 COLLATE=utf8_general_ci;
/*!40101 SET character_set_client = @saved_cs_client */;

--
-- Dumping data for table `users`
--

LOCK TABLES `users` WRITE;
/*!40000 ALTER TABLE `users` DISABLE KEYS */;
INSERT INTO `users` VALUES (1,'admin','admin_password_hash','admin'),(2,'operator1','operator_password_hash','operator');
/*!40000 ALTER TABLE `users` ENABLE KEYS */;
UNLOCK TABLES;

--
-- Table structure for table `v1`
--

DROP TABLE IF EXISTS `v1`;
/*!40101 SET @saved_cs_client     = @@character_set_client */;
/*!40101 SET character_set_client = utf8 */;
CREATE TABLE `v1` (
  `installation` varchar(50) NOT NULL,
  `gd` int(11) NOT NULL,
  `id` int(11) NOT NULL,
  `date` timestamp NOT NULL DEFAULT current_timestamp() ON UPDATE current_timestamp()
) ENGINE=MyISAM DEFAULT CHARSET=latin1 COLLATE=latin1_swedish_ci;
/*!40101 SET character_set_client = @saved_cs_client */;

--
-- Dumping data for table `v1`
--

LOCK TABLES `v1` WRITE;
/*!40000 ALTER TABLE `v1` DISABLE KEYS */;
INSERT INTO `v1` VALUES ('PC.pesage.FLM_RA50',0,408,'2025-03-26 10:27:42'),('PC.pesage.FLM_RA50',2,409,'2025-03-26 10:31:16'),('PC.pesage.FLM_RA50',3,410,'2025-03-26 10:32:27'),('PC.pesage.FLM_RA50',3,411,'2025-03-26 10:42:58'),('PC.pesage.FLM_RB50',1,412,'2025-03-26 10:42:58'),('PC.pesage.FLM_RA50',3,413,'2025-03-26 10:46:10'),('PC.pesage.FLM_RB50',1,414,'2025-03-26 10:46:10'),('PC.pesage.FLM_RC50',2,415,'2025-03-26 10:46:10'),('PC.pesage.FLM_RD50',3,416,'2025-03-26 10:46:10'),('PC.pesage.FLM_RD50',0,417,'2025-03-26 10:46:22'),('PC.pesage.FLM_RC50',0,418,'2025-03-26 10:46:41'),('PC.pesage.FLM_RB50',0,419,'2025-03-26 10:46:50'),('PC.pesage.FLM_RA50',0,420,'2025-03-26 10:47:00'),('PC.pesage.FLM_RA50',1,421,'2025-03-26 10:49:22'),('PC.pesage.FLM_RB50',2,422,'2025-03-26 10:49:22'),('PC.pesage.FLM_RC50',2,423,'2025-03-26 10:49:22'),('PC.pesage.FLM_RD50',3,424,'2025-03-26 10:49:22'),('PC.pesage.FLM_RA50',0,425,'2025-03-26 12:49:25'),('PC.pesage.FLM_RB50',0,426,'2025-03-26 12:49:25'),('PC.pesage.FLM_RC50',0,427,'2025-03-26 12:49:25'),('PC.pesage.FLM_RD50',0,428,'2025-03-26 12:49:25'),('PC.pesage.FLM_RA50',1,429,'2025-03-26 16:34:24'),('PC.pesage.FLM_RA50',0,430,'2025-03-26 16:39:11'),('PC.pesage.FLM_RA50',2,431,'2025-03-26 16:48:43'),('PC.pesage.FLM_RA50',1,432,'2025-03-26 18:22:47'),('PC.pesage.FLM_RA50',0,433,'2025-03-26 18:23:59'),('PC.pesage.FLM_RA50',3,434,'2025-03-26 22:05:44'),('PC.pesage.FLM_RA50',2,435,'2025-03-26 22:11:41'),('PC.pesage.FLM_RA50',0,436,'2025-03-26 23:02:58'),('PC.pesage.FLM_RA50',1,437,'2025-03-26 23:12:30'),('PC.pesage.FLM_RA50',0,438,'2025-03-26 23:59:53'),('PC.pesage.FLM_RA50',1,439,'2025-03-27 00:04:41'),('PC.pesage.FLM_RA50',0,440,'2025-03-27 00:10:40'),('PC.pesage.FLM_RA50',1,441,'2025-03-27 00:14:15'),('PC.pesage.FLM_RA50',0,442,'2025-03-27 00:57:26'),('PC.pesage.FLM_RA50',2,443,'2025-03-27 01:05:47'),('PC.pesage.FLM_RA50',3,444,'2025-03-27 01:09:22'),('PC.pesage.FLM_RA50',2,445,'2025-03-27 01:16:32'),('PC.pesage.FLM_RA50',0,446,'2025-03-27 02:28:24'),('PC.pesage.FLM_RA50',2,447,'2025-03-27 02:56:17'),('PC.pesage.FLM_RA50',1,448,'2025-03-27 04:36:17'),('PC.pesage.FLM_RA50',0,449,'2025-03-27 05:12:10'),('PC.pesage.FLM_RA50',3,450,'2025-03-27 05:21:44'),('PC.pesage.FLM_RA50',1,451,'2025-03-27 05:25:56'),('PC.pesage.FLM_RA50',2,452,'2025-03-27 05:34:21'),('PC.pesage.FLM_RA50',0,453,'2025-03-27 06:23:09'),('PC.pesage.FLM_RA50',1,454,'2025-03-27 06:50:42'),('PC.pesage.FLM_RA50',2,455,'2025-03-27 06:55:30'),('PC.pesage.FLM_RA50',0,456,'2025-03-27 07:00:16'),('PC.pesage.FLM_RA50',2,457,'2025-03-27 07:08:40'),('PC.pesage.FLM_RA50',1,458,'2025-03-27 07:15:50'),('PC.pesage.FLM_RA50',0,459,'2025-03-27 07:33:44'),('PC.pesage.FLM_RA50',1,460,'2025-03-27 08:21:32'),('PC.pesage.FLM_RA50',2,461,'2025-03-27 08:40:43'),('PC.pesage.FLM_RC50',2,462,'2025-03-27 09:27:57'),('PC.pesage.FLM_RD50',2,906,'2025-04-06 23:03:23'),('PC.pesage.FLM_RD50',3,907,'2025-04-06 23:06:59'),('PC.pesage.FLM_RC50',1,908,'2025-04-06 23:11:45'),('PC.pesage.FLM_RC50',2,909,'2025-04-06 23:16:32'),('PC.pesage.FLM_RD50',2,910,'2025-04-06 23:46:28'),('PC.pesage.FLM_RC50',0,911,'2025-04-06 23:54:49'),('PC.pesage.FLM_RD50',3,912,'2025-04-07 00:03:13'),('PC.pesage.FLM_RC50',1,913,'2025-04-07 00:04:25'),('PC.pesage.FLM_RC50',2,914,'2025-04-07 00:09:11'),('PC.pesage.FLM_RD50',2,915,'2025-04-07 00:23:30'),('PC.pesage.FLM_RB50',0,916,'2025-04-07 00:30:41'),('PC.pesage.FLM_RB50',1,917,'2025-04-07 00:42:37'),('PC.pesage.FLM_RB50',2,918,'2025-04-07 00:46:11'),('PC.pesage.FLM_RB50',0,919,'2025-04-07 00:47:22'),('PC.pesage.FLM_RD50',3,920,'2025-04-07 00:49:46'),('PC.pesage.FLM_RD50',0,921,'2025-04-07 00:55:44'),('PC.pesage.FLM_RC50',0,922,'2025-04-07 00:56:56'),('PC.pesage.FLM_RB50',3,923,'2025-04-07 01:05:17'),('PC.pesage.FLM_RD50',2,924,'2025-04-07 01:05:17'),('PC.pesage.FLM_RC50',1,925,'2025-04-07 01:06:29'),('PC.pesage.FLM_RD50',0,926,'2025-04-07 01:06:29'),('PC.pesage.FLM_RC50',2,927,'2025-04-07 01:10:05'),('PC.pesage.FLM_RB50',0,928,'2025-04-07 01:16:06'),('PC.pesage.FLM_RD50',3,929,'2025-04-07 01:23:19'),('PC.pesage.FLM_RD50',0,930,'2025-04-07 01:24:31'),('PC.pesage.FLM_RC50',0,931,'2025-04-07 01:29:20'),('PC.pesage.FLM_RD50',2,932,'2025-04-07 01:34:08'),('PC.pesage.FLM_RD50',3,933,'2025-04-07 01:37:44'),('PC.pesage.FLM_RD50',0,934,'2025-04-07 01:48:30'),('PC.pesage.FLM_RB50',2,935,'2025-04-07 01:54:30'),('PC.pesage.FLM_RC50',1,936,'2025-04-07 01:55:42'),('PC.pesage.FLM_RC50',2,937,'2025-04-07 01:58:05'),('PC.pesage.FLM_RD50',3,938,'2025-04-07 01:59:17'),('PC.pesage.FLM_RD50',2,939,'2025-04-07 02:08:50'),('PC.pesage.FLM_RC50',0,940,'2025-04-07 02:31:32'),('PC.pesage.FLM_RD50',0,941,'2025-04-07 02:35:07'),('PC.pesage.FLM_RC50',2,942,'2025-04-07 02:48:17'),('PC.pesage.FLM_RB50',1,943,'2025-04-07 03:03:49'),('PC.pesage.FLM_RB50',2,944,'2025-04-07 03:14:35'),('PC.pesage.FLM_RB50',0,945,'2025-04-07 03:15:46'),('PC.pesage.FLM_RB50',1,946,'2025-04-07 03:26:31'),('PC.pesage.FLM_RB50',0,947,'2025-04-07 03:32:29'),('PC.pesage.FLM_RB50',1,948,'2025-04-07 03:48:03'),('PC.pesage.FLM_RC50',1,949,'2025-04-07 04:10:51'),('PC.pesage.FLM_RC50',2,950,'2025-04-07 04:14:27'),('PC.pesage.FLM_RC50',0,951,'2025-04-07 04:16:52'),('PC.pesage.FLM_RC50',1,952,'2025-04-07 04:30:03'),('PC.pesage.FLM_RC50',2,953,'2025-04-07 04:36:02'),('PC.pesage.FLM_RC50',1,954,'2025-04-07 04:40:49'),('PC.pesage.FLM_RB50',0,955,'2025-04-07 04:52:46'),('PC.pesage.FLM_RC50',2,956,'2025-04-07 04:52:46'),('PC.pesage.FLM_RB50',1,957,'2025-04-07 05:03:30'),('PC.pesage.FLM_RB50',2,958,'2025-04-07 05:10:41'),('PC.pesage.FLM_RB50',1,959,'2025-04-07 05:33:21'),('PC.pesage.FLM_RC50',0,960,'2025-04-07 05:50:06'),('PC.pesage.FLM_RC50',3,961,'2025-04-07 05:59:38'),('PC.pesage.FLM_RC50',0,962,'2025-04-07 06:00:50'),('PC.pesage.FLM_RC50',3,963,'2025-04-07 06:10:24'),('PC.pesage.FLM_RB50',0,964,'2025-04-07 06:12:47'),('PC.pesage.FLM_RC50',0,965,'2025-04-07 06:12:47'),('PC.pesage.FLM_RA50',0,966,'2025-04-07 10:31:13'),('PC.pesage.FLM_RB50',0,967,'2025-04-07 10:31:13'),('PC.pesage.FLM_RC50',0,968,'2025-04-07 10:31:13'),('PC.pesage.FLM_RD50',0,969,'2025-04-07 10:31:13'),('PC.pesage.FLM_RA50',0,970,'2025-04-07 10:45:37'),('PC.pesage.FLM_RB50',0,971,'2025-04-07 10:45:37'),('PC.pesage.FLM_RC50',0,972,'2025-04-07 10:45:37'),('PC.pesage.FLM_RD50',0,973,'2025-04-07 10:45:37'),('PC.pesage.FLM_RA50',0,974,'2025-04-07 10:51:56'),('PC.pesage.FLM_RB50',0,975,'2025-04-07 10:51:56'),('PC.pesage.FLM_RC50',0,976,'2025-04-07 10:51:56'),('PC.pesage.FLM_RD50',0,977,'2025-04-07 10:51:56'),('PC.pesage.FLM_RA50',0,978,'2025-04-07 11:17:27'),('PC.pesage.FLM_RB50',0,979,'2025-04-07 11:17:27'),('PC.pesage.FLM_RC50',0,980,'2025-04-07 11:17:27'),('PC.pesage.FLM_RD50',0,981,'2025-04-07 11:17:27'),('PC.pesage.FLM_RA50',0,982,'2025-04-07 11:19:06'),('PC.pesage.FLM_RB50',0,983,'2025-04-07 11:19:06'),('PC.pesage.FLM_RC50',0,984,'2025-04-07 11:19:06'),('PC.pesage.FLM_RD50',0,985,'2025-04-07 11:19:06'),('PC.pesage.FLM_RA50',0,986,'2025-04-07 11:33:14'),('PC.pesage.FLM_RB50',0,987,'2025-04-07 11:33:14'),('PC.pesage.FLM_RC50',0,988,'2025-04-07 11:33:14'),('PC.pesage.FLM_RD50',0,989,'2025-04-07 11:33:14'),('PC.pesage.FLM_RA50',0,990,'2025-04-07 11:42:55'),('PC.pesage.FLM_RB50',0,991,'2025-04-07 11:42:55'),('PC.pesage.FLM_RC50',0,992,'2025-04-07 11:42:55'),('PC.pesage.FLM_RD50',0,993,'2025-04-07 11:42:55'),('PC.pesage.FLM_RA50',0,994,'2025-04-07 11:43:54'),('PC.pesage.FLM_RB50',0,995,'2025-04-07 11:43:54'),('PC.pesage.FLM_RC50',0,996,'2025-04-07 11:43:54'),('PC.pesage.FLM_RD50',0,997,'2025-04-07 11:43:54'),('PC.pesage.FLM_RA50',0,998,'2025-04-07 11:51:48'),('PC.pesage.FLM_RB50',0,999,'2025-04-07 11:51:48'),('PC.pesage.FLM_RC50',0,1000,'2025-04-07 11:51:48'),('PC.pesage.FLM_RD50',0,1001,'2025-04-07 11:51:48'),('PC.pesage.FLM_RA50',0,1002,'2025-04-07 11:53:01'),('PC.pesage.FLM_RB50',0,1003,'2025-04-07 11:53:01'),('PC.pesage.FLM_RC50',0,1004,'2025-04-07 11:53:01'),('PC.pesage.FLM_RD50',0,1005,'2025-04-07 11:53:01'),('PC.pesage.FLM_RA50',0,1006,'2025-04-07 11:55:22'),('PC.pesage.FLM_RB50',0,1007,'2025-04-07 11:55:22'),('PC.pesage.FLM_RC50',0,1008,'2025-04-07 11:55:22'),('PC.pesage.FLM_RD50',0,1009,'2025-04-07 11:55:22'),('PC.pesage.FLM_RA50',0,1010,'2025-04-07 12:05:47'),('PC.pesage.FLM_RB50',0,1011,'2025-04-07 12:05:47'),('PC.pesage.FLM_RC50',0,1012,'2025-04-07 12:05:47'),('PC.pesage.FLM_RD50',0,1013,'2025-04-07 12:05:47'),('PC.pesage.FLM_RB50',1,1014,'2025-04-07 15:08:16'),('PC.pesage.FLM_RC50',1,1015,'2025-04-07 15:08:54'),('PC.pesage.FLM_RC50',2,1016,'2025-04-07 15:21:49'),('PC.pesage.FLM_RC50',0,1017,'2025-04-07 15:26:18'),('PC.pesage.FLM_RD50',1,1018,'2025-04-07 15:33:14'),('PC.pesage.FLM_RB50',0,1019,'2025-04-07 15:34:02'),('PC.pesage.FLM_RB50',1,1020,'2025-04-07 15:37:30'),('PC.pesage.FLM_RD50',2,1021,'2025-04-07 15:38:40'),('PC.pesage.FLM_RD50',1,1022,'2025-04-07 15:44:25'),('PC.pesage.FLM_RB50',0,1023,'2025-04-07 15:46:56'),('PC.pesage.FLM_RC50',1,1024,'2025-04-07 15:57:02'),('PC.pesage.FLM_RB50',1,1025,'2025-04-07 15:59:00'),('PC.pesage.FLM_RC50',0,1026,'2025-04-07 16:03:29'),('PC.pesage.FLM_RC50',1,1027,'2025-04-07 16:07:07'),('PC.pesage.FLM_RC50',0,1028,'2025-04-07 16:08:18'),('PC.pesage.FLM_RD50',0,1029,'2025-04-07 16:08:28'),('PC.pesage.FLM_RD50',1,1030,'2025-04-07 16:12:43'),('PC.pesage.FLM_RC50',1,1031,'2025-04-07 16:13:36'),('PC.pesage.FLM_RC50',0,1032,'2025-04-07 16:17:32'),('PC.pesage.FLM_RD50',0,1033,'2025-04-07 16:21:10'),('PC.pesage.FLM_RC50',1,1034,'2025-04-07 16:29:28'),('PC.pesage.FLM_RD50',1,1035,'2025-04-07 16:29:28'),('PC.pesage.FLM_RC50',0,1036,'2025-04-07 16:30:48'),('PC.pesage.FLM_RC50',1,1037,'2025-04-07 16:34:50'),('PC.pesage.FLM_RD50',0,1038,'2025-04-07 17:16:53'),('PC.pesage.FLM_RD50',1,1039,'2025-04-07 17:22:32'),('PC.pesage.FLM_RC50',2,1040,'2025-04-07 17:55:08'),('PC.pesage.FLM_RB50',0,1041,'2025-04-07 17:58:00'),('PC.pesage.FLM_RB50',1,1042,'2025-04-07 18:01:29'),('PC.pesage.FLM_RD50',0,1043,'2025-04-07 18:04:11'),('PC.pesage.FLM_RC50',0,1044,'2025-04-07 18:12:32'),('PC.pesage.FLM_RB50',0,1045,'2025-04-07 18:14:03'),('PC.pesage.FLM_RB50',1,1046,'2025-04-07 22:00:27'),('PC.pesage.FLM_RC50',1,1047,'2025-04-07 22:00:36'),('PC.pesage.FLM_RD50',1,1048,'2025-04-07 22:00:45'),('PC.pesage.FLM_RC50',0,1049,'2025-04-07 22:18:32'),('PC.pesage.FLM_RB50',0,1050,'2025-04-07 22:19:38'),('PC.pesage.FLM_RC50',1,1051,'2025-04-07 22:29:06'),('PC.pesage.FLM_RB50',1,1052,'2025-04-07 22:29:24'),('PC.pesage.FLM_RB50',0,1053,'2025-04-07 22:30:17'),('PC.pesage.FLM_RB50',1,1054,'2025-04-07 22:33:44'),('PC.pesage.FLM_RD50',0,1055,'2025-04-07 22:36:25'),('PC.pesage.FLM_RD50',1,1056,'2025-04-07 22:45:01'),('PC.pesage.FLM_RB50',0,1057,'2025-04-07 22:55:43'),('PC.pesage.FLM_RB50',1,1058,'2025-04-07 22:59:12'),('PC.pesage.FLM_RB50',1,481,'2025-04-01 10:00:35'),('PC.pesage.FLM_RD50',1,482,'2025-04-01 10:01:47'),('PC.pesage.FLM_RA50',3,483,'2025-04-01 10:19:44'),('PC.pesage.FLM_RB50',2,484,'2025-04-01 10:22:08'),('PC.pesage.FLM_RA50',1,485,'2025-04-01 10:23:20'),('PC.pesage.FLM_RB50',0,486,'2025-04-01 10:23:20'),('PC.pesage.FLM_RD50',0,487,'2025-04-01 10:29:17'),('PC.pesage.FLM_RD50',3,488,'2025-04-01 10:41:13'),('PC.pesage.FLM_RA50',0,489,'2025-04-01 10:42:25'),('PC.pesage.FLM_RB50',1,490,'2025-04-01 10:43:36'),('PC.pesage.FLM_RC50',1,491,'2025-04-01 10:47:12'),('PC.pesage.FLM_RA50',1,492,'2025-04-01 10:49:35'),('PC.pesage.FLM_RB50',0,493,'2025-04-01 10:56:44'),('PC.pesage.FLM_RC50',2,494,'2025-04-01 11:03:54'),('PC.pesage.FLM_RA50',0,495,'2025-04-01 11:38:30'),('PC.pesage.FLM_RA50',1,496,'2025-04-01 11:42:06'),('PC.pesage.FLM_RA50',0,497,'2025-04-01 11:43:17'),('PC.pesage.FLM_RA50',1,498,'2025-04-01 11:46:52'),('PC.pesage.FLM_RA50',0,499,'2025-04-01 11:49:15'),('PC.pesage.FLM_RA50',1,500,'2025-04-01 11:52:50'),('PC.pesage.FLM_RB50',1,501,'2025-04-01 11:52:50'),('PC.pesage.FLM_RA50',0,502,'2025-04-01 11:55:13'),('PC.pesage.FLM_RA50',1,503,'2025-04-01 11:58:48'),('PC.pesage.FLM_RA50',0,504,'2025-04-01 12:01:11'),('PC.pesage.FLM_RB50',3,505,'2025-04-01 12:03:34'),('PC.pesage.FLM_RA50',1,506,'2025-04-01 12:04:46'),('PC.pesage.FLM_RA50',0,507,'2025-04-01 12:07:09'),('PC.pesage.FLM_RA50',1,508,'2025-04-01 12:10:45'),('PC.pesage.FLM_RB50',0,509,'2025-04-01 12:10:45'),('PC.pesage.FLM_RC50',0,510,'2025-04-01 12:13:08'),('PC.pesage.FLM_RA50',0,511,'2025-04-01 12:14:20'),('PC.pesage.FLM_RC50',1,512,'2025-04-01 12:17:54'),('PC.pesage.FLM_RB50',2,513,'2025-04-01 12:20:18'),('PC.pesage.FLM_RA50',1,514,'2025-04-01 12:21:30'),('PC.pesage.FLM_RC50',2,515,'2025-04-01 12:25:06'),('PC.pesage.FLM_RC50',3,516,'2025-04-01 12:27:30'),('PC.pesage.FLM_RD50',0,517,'2025-04-01 12:27:30'),('PC.pesage.FLM_RC50',0,518,'2025-04-01 12:34:40'),('PC.pesage.FLM_RD50',3,519,'2025-04-01 12:38:15'),('PC.pesage.FLM_RA50',0,520,'2025-04-01 12:39:27'),('PC.pesage.FLM_RB50',0,521,'2025-04-01 12:43:03'),('PC.pesage.FLM_RA50',3,522,'2025-04-01 12:50:14'),('PC.pesage.FLM_RB50',2,523,'2025-04-01 12:55:01'),('PC.pesage.FLM_RC50',3,524,'2025-04-01 12:59:49'),('PC.pesage.FLM_RA50',1,525,'2025-04-01 13:48:46'),('PC.pesage.FLM_RD50',0,526,'2025-04-01 14:29:18'),('PC.pesage.FLM_RD50',1,527,'2025-04-01 14:38:51'),('PC.pesage.FLM_RD50',3,528,'2025-04-01 14:43:36'),('PC.pesage.FLM_RA50',0,529,'2025-04-01 14:50:45'),('PC.pesage.FLM_RA50',1,530,'2025-04-01 14:54:20'),('PC.pesage.FLM_RD50',2,531,'2025-04-01 15:13:28'),('PC.pesage.FLM_RA50',0,532,'2025-04-01 15:47:02'),('PC.pesage.FLM_RA50',1,533,'2025-04-01 15:50:38'),('PC.pesage.FLM_RA50',0,534,'2025-04-01 16:00:11'),('PC.pesage.FLM_RA50',1,535,'2025-04-01 16:02:34'),('PC.pesage.FLM_RA50',0,536,'2025-04-01 16:06:10'),('PC.pesage.FLM_RA50',1,537,'2025-04-01 16:09:45'),('PC.pesage.FLM_RD50',3,538,'2025-04-01 16:28:54'),('PC.pesage.FLM_RC50',2,539,'2025-04-01 17:01:11'),('PC.pesage.FLM_RD50',0,540,'2025-04-01 17:09:34'),('PC.pesage.FLM_RA50',0,541,'2025-04-01 17:10:46'),('PC.pesage.FLM_RA50',1,542,'2025-04-01 17:14:22'),('PC.pesage.FLM_RD50',3,543,'2025-04-01 17:21:35'),('PC.pesage.FLM_RA50',3,544,'2025-04-01 17:34:44'),('PC.pesage.FLM_RC50',0,545,'2025-04-01 17:40:43'),('PC.pesage.FLM_RC50',2,546,'2025-04-01 17:49:05'),('PC.pesage.FLM_RD50',2,547,'2025-04-01 18:08:11'),('PC.pesage.FLM_RD50',1,548,'2025-04-01 18:15:23'),('PC.pesage.FLM_RC50',1,549,'2025-04-01 18:17:47'),('PC.pesage.FLM_RB50',0,550,'2025-04-01 18:34:32'),('PC.pesage.FLM_RC50',2,551,'2025-04-01 18:36:56'),('PC.pesage.FLM_RB50',1,552,'2025-04-01 18:38:08'),('PC.pesage.FLM_RD50',2,553,'2025-04-01 18:38:08'),('PC.pesage.FLM_RD50',1,554,'2025-04-01 18:46:29'),('PC.pesage.FLM_RB50',3,555,'2025-04-01 18:51:15'),('PC.pesage.FLM_RC50',0,556,'2025-04-01 18:51:15'),('PC.pesage.FLM_RD50',0,557,'2025-04-01 18:51:15'),('PC.pesage.FLM_RD50',1,558,'2025-04-01 18:56:02'),('PC.pesage.FLM_RC50',2,559,'2025-04-01 19:00:48'),('PC.pesage.FLM_RB50',0,560,'2025-04-01 19:11:34'),('PC.pesage.FLM_RD50',3,561,'2025-04-01 19:27:05'),('PC.pesage.FLM_RB50',3,562,'2025-04-01 19:28:17'),('PC.pesage.FLM_RD50',0,563,'2025-04-01 19:29:28'),('PC.pesage.FLM_RA50',0,564,'2025-04-01 19:35:25'),('PC.pesage.FLM_RB50',0,565,'2025-04-01 19:37:49'),('PC.pesage.FLM_RD50',2,566,'2025-04-01 19:37:49'),('PC.pesage.FLM_RD50',3,567,'2025-04-01 19:41:23'),('PC.pesage.FLM_RA50',3,568,'2025-04-01 20:22:00'),('PC.pesage.FLM_RB50',2,569,'2025-04-01 20:42:18'),('PC.pesage.FLM_RA50',2,570,'2025-04-01 21:26:36'),('PC.pesage.FLM_RB50',0,571,'2025-04-01 22:31:03'),('PC.pesage.FLM_RC50',0,572,'2025-04-01 22:31:03'),('PC.pesage.FLM_RD50',0,573,'2025-04-01 22:31:03'),('PC.pesage.FLM_RA50',0,574,'2025-04-01 22:32:15'),('PC.pesage.FLM_RC50',2,575,'2025-04-01 22:45:23'),('PC.pesage.FLM_RB50',2,576,'2025-04-01 22:46:35'),('PC.pesage.FLM_RD50',2,577,'2025-04-01 22:46:35'),('PC.pesage.FLM_RA50',2,578,'2025-04-01 22:47:47'),('PC.pesage.FLM_RB50',1,579,'2025-04-01 22:59:45'),('PC.pesage.FLM_RD50',1,580,'2025-04-01 22:59:45'),('PC.pesage.FLM_RA50',0,581,'2025-04-01 23:04:31'),('PC.pesage.FLM_RA50',1,582,'2025-04-01 23:15:17'),('PC.pesage.FLM_RC50',0,583,'2025-04-01 23:16:29'),('PC.pesage.FLM_RC50',1,584,'2025-04-01 23:20:04'),('PC.pesage.FLM_RD50',0,585,'2025-04-01 23:28:27'),('PC.pesage.FLM_RB50',2,586,'2025-04-01 23:36:51'),('PC.pesage.FLM_RD50',1,587,'2025-04-01 23:39:16'),('PC.pesage.FLM_RB50',1,588,'2025-04-01 23:41:39'),('PC.pesage.FLM_RA50',0,408,'2025-03-26 10:27:42'),('PC.pesage.FLM_RA50',2,409,'2025-03-26 10:31:16'),('PC.pesage.FLM_RA50',3,410,'2025-03-26 10:32:27'),('PC.pesage.FLM_RA50',3,411,'2025-03-26 10:42:58'),('PC.pesage.FLM_RB50',1,412,'2025-03-26 10:42:58'),('PC.pesage.FLM_RA50',3,413,'2025-03-26 10:46:10'),('PC.pesage.FLM_RB50',1,414,'2025-03-26 10:46:10'),('PC.pesage.FLM_RC50',2,415,'2025-03-26 10:46:10'),('PC.pesage.FLM_RD50',3,416,'2025-03-26 10:46:10'),('PC.pesage.FLM_RD50',0,417,'2025-03-26 10:46:22'),('PC.pesage.FLM_RC50',0,418,'2025-03-26 10:46:41'),('PC.pesage.FLM_RB50',0,419,'2025-03-26 10:46:50'),('PC.pesage.FLM_RA50',0,420,'2025-03-26 10:47:00'),('PC.pesage.FLM_RA50',1,421,'2025-03-26 10:49:22'),('PC.pesage.FLM_RB50',2,422,'2025-03-26 10:49:22'),('PC.pesage.FLM_RC50',2,423,'2025-03-26 10:49:22'),('PC.pesage.FLM_RD50',3,424,'2025-03-26 10:49:22'),('PC.pesage.FLM_RA50',0,425,'2025-03-26 12:49:25'),('PC.pesage.FLM_RB50',0,426,'2025-03-26 12:49:25'),('PC.pesage.FLM_RC50',0,427,'2025-03-26 12:49:25'),('PC.pesage.FLM_RD50',0,428,'2025-03-26 12:49:25'),('PC.pesage.FLM_RA50',1,429,'2025-03-26 16:34:24'),('PC.pesage.FLM_RA50',0,430,'2025-03-26 16:39:11'),('PC.pesage.FLM_RA50',2,431,'2025-03-26 16:48:43'),('PC.pesage.FLM_RA50',1,432,'2025-03-26 18:22:47'),('PC.pesage.FLM_RA50',0,433,'2025-03-26 18:23:59'),('PC.pesage.FLM_RA50',3,434,'2025-03-26 22:05:44'),('PC.pesage.FLM_RA50',2,435,'2025-03-26 22:11:41'),('PC.pesage.FLM_RA50',0,436,'2025-03-26 23:02:58'),('PC.pesage.FLM_RA50',1,437,'2025-03-26 23:12:30'),('PC.pesage.FLM_RA50',0,438,'2025-03-26 23:59:53'),('PC.pesage.FLM_RA50',1,439,'2025-03-27 00:04:41'),('PC.pesage.FLM_RA50',0,440,'2025-03-27 00:10:40'),('PC.pesage.FLM_RA50',1,441,'2025-03-27 00:14:15'),('PC.pesage.FLM_RA50',0,442,'2025-03-27 00:57:26'),('PC.pesage.FLM_RA50',2,443,'2025-03-27 01:05:47'),('PC.pesage.FLM_RA50',3,444,'2025-03-27 01:09:22'),('PC.pesage.FLM_RA50',2,445,'2025-03-27 01:16:32'),('PC.pesage.FLM_RA50',0,446,'2025-03-27 02:28:24'),('PC.pesage.FLM_RA50',2,447,'2025-03-27 02:56:17'),('PC.pesage.FLM_RA50',1,448,'2025-03-27 04:36:17'),('PC.pesage.FLM_RA50',0,449,'2025-03-27 05:12:10'),('PC.pesage.FLM_RA50',3,450,'2025-03-27 05:21:44'),('PC.pesage.FLM_RA50',1,451,'2025-03-27 05:25:56'),('PC.pesage.FLM_RA50',2,452,'2025-03-27 05:34:21'),('PC.pesage.FLM_RA50',0,453,'2025-03-27 06:23:09'),('PC.pesage.FLM_RA50',1,454,'2025-03-27 06:50:42'),('PC.pesage.FLM_RA50',2,455,'2025-03-27 06:55:30'),('PC.pesage.FLM_RA50',0,456,'2025-03-27 07:00:16'),('PC.pesage.FLM_RA50',2,457,'2025-03-27 07:08:40'),('PC.pesage.FLM_RA50',1,458,'2025-03-27 07:15:50'),('PC.pesage.FLM_RA50',0,459,'2025-03-27 07:33:44'),('PC.pesage.FLM_RA50',1,460,'2025-03-27 08:21:32'),('PC.pesage.FLM_RA50',2,461,'2025-03-27 08:40:43'),('PC.pesage.FLM_RC50',2,462,'2025-03-27 09:27:57'),('PC.pesage.FLM_RC50',0,463,'2025-03-27 09:47:50'),('PC.pesage.FLM_RA50',0,464,'2025-03-27 10:01:02'),('PC.pesage.FLM_RC50',1,465,'2025-03-27 10:04:38'),('PC.pesage.FLM_RC50',2,466,'2025-03-27 10:14:16'),('PC.pesage.FLM_RD50',1,467,'2025-03-27 10:21:27'),('PC.pesage.FLM_RD50',2,468,'2025-03-27 10:31:07'),('PC.pesage.FLM_RC50',0,469,'2025-03-27 10:38:18'),('PC.pesage.FLM_RD50',0,470,'2025-03-27 11:02:14'),('PC.pesage.FLM_RD50',1,471,'2025-03-27 11:30:53'),('PC.pesage.FLM_RC50',1,472,'2025-03-27 11:33:16'),('PC.pesage.FLM_RC50',2,473,'2025-03-27 11:46:25'),('PC.pesage.FLM_RD50',2,474,'2025-03-27 11:50:00'),('PC.pesage.FLM_RD50',3,475,'2025-03-27 11:53:36'),('PC.pesage.FLM_RD50',0,476,'2025-03-27 11:57:08'),('PC.pesage.FLM_RD50',1,477,'2025-03-27 12:07:55'),('PC.pesage.FLM_RC50',0,478,'2025-03-27 12:22:14'),('PC.pesage.FLM_RD50',0,479,'2025-03-27 12:22:14'),('PC.pesage.FLM_RD50',0,480,'2025-03-28 11:57:31'),('PC.pesage.FLM_RB50',1,481,'2025-04-01 10:00:35'),('PC.pesage.FLM_RD50',1,482,'2025-04-01 10:01:47'),('PC.pesage.FLM_RA50',3,483,'2025-04-01 10:19:44'),('PC.pesage.FLM_RB50',2,484,'2025-04-01 10:22:08'),('PC.pesage.FLM_RA50',1,485,'2025-04-01 10:23:20'),('PC.pesage.FLM_RB50',0,486,'2025-04-01 10:23:20'),('PC.pesage.FLM_RD50',0,487,'2025-04-01 10:29:17'),('PC.pesage.FLM_RD50',3,488,'2025-04-01 10:41:13'),('PC.pesage.FLM_RA50',0,489,'2025-04-01 10:42:25'),('PC.pesage.FLM_RB50',1,490,'2025-04-01 10:43:36'),('PC.pesage.FLM_RC50',1,491,'2025-04-01 10:47:12'),('PC.pesage.FLM_RA50',1,492,'2025-04-01 10:49:35'),('PC.pesage.FLM_RB50',0,493,'2025-04-01 10:56:44'),('PC.pesage.FLM_RC50',2,494,'2025-04-01 11:03:54'),('PC.pesage.FLM_RA50',0,495,'2025-04-01 11:38:30'),('PC.pesage.FLM_RA50',1,496,'2025-04-01 11:42:06'),('PC.pesage.FLM_RA50',0,497,'2025-04-01 11:43:17'),('PC.pesage.FLM_RA50',1,498,'2025-04-01 11:46:52'),('PC.pesage.FLM_RA50',0,499,'2025-04-01 11:49:15'),('PC.pesage.FLM_RA50',1,500,'2025-04-01 11:52:50'),('PC.pesage.FLM_RB50',1,501,'2025-04-01 11:52:50'),('PC.pesage.FLM_RA50',0,502,'2025-04-01 11:55:13'),('PC.pesage.FLM_RA50',1,503,'2025-04-01 11:58:48'),('PC.pesage.FLM_RA50',0,504,'2025-04-01 12:01:11'),('PC.pesage.FLM_RB50',3,505,'2025-04-01 12:03:34'),('PC.pesage.FLM_RA50',1,506,'2025-04-01 12:04:46'),('PC.pesage.FLM_RA50',0,507,'2025-04-01 12:07:09'),('PC.pesage.FLM_RA50',1,508,'2025-04-01 12:10:45'),('PC.pesage.FLM_RB50',0,509,'2025-04-01 12:10:45'),('PC.pesage.FLM_RC50',0,510,'2025-04-01 12:13:08'),('PC.pesage.FLM_RA50',0,511,'2025-04-01 12:14:20'),('PC.pesage.FLM_RC50',1,512,'2025-04-01 12:17:54'),('PC.pesage.FLM_RB50',2,513,'2025-04-01 12:20:18'),('PC.pesage.FLM_RA50',1,514,'2025-04-01 12:21:30'),('PC.pesage.FLM_RC50',2,515,'2025-04-01 12:25:06'),('PC.pesage.FLM_RC50',3,516,'2025-04-01 12:27:30'),('PC.pesage.FLM_RD50',0,517,'2025-04-01 12:27:30'),('PC.pesage.FLM_RC50',0,518,'2025-04-01 12:34:40'),('PC.pesage.FLM_RD50',3,519,'2025-04-01 12:38:15'),('PC.pesage.FLM_RA50',0,520,'2025-04-01 12:39:27'),('PC.pesage.FLM_RB50',0,521,'2025-04-01 12:43:03'),('PC.pesage.FLM_RA50',3,522,'2025-04-01 12:50:14'),('PC.pesage.FLM_RB50',2,523,'2025-04-01 12:55:01'),('PC.pesage.FLM_RC50',3,524,'2025-04-01 12:59:49'),('PC.pesage.FLM_RA50',1,525,'2025-04-01 13:48:46'),('PC.pesage.FLM_RD50',0,526,'2025-04-01 14:29:18'),('PC.pesage.FLM_RD50',1,527,'2025-04-01 14:38:51'),('PC.pesage.FLM_RD50',3,528,'2025-04-01 14:43:36'),('PC.pesage.FLM_RA50',0,529,'2025-04-01 14:50:45'),('PC.pesage.FLM_RA50',1,530,'2025-04-01 14:54:20'),('PC.pesage.FLM_RD50',2,531,'2025-04-01 15:13:28'),('PC.pesage.FLM_RA50',0,532,'2025-04-01 15:47:02'),('PC.pesage.FLM_RA50',1,533,'2025-04-01 15:50:38'),('PC.pesage.FLM_RA50',0,534,'2025-04-01 16:00:11'),('PC.pesage.FLM_RA50',1,535,'2025-04-01 16:02:34'),('PC.pesage.FLM_RA50',0,536,'2025-04-01 16:06:10'),('PC.pesage.FLM_RA50',1,537,'2025-04-01 16:09:45'),('PC.pesage.FLM_RD50',3,538,'2025-04-01 16:28:54'),('PC.pesage.FLM_RC50',2,539,'2025-04-01 17:01:11'),('PC.pesage.FLM_RD50',0,540,'2025-04-01 17:09:34'),('PC.pesage.FLM_RA50',0,541,'2025-04-01 17:10:46'),('PC.pesage.FLM_RA50',1,542,'2025-04-01 17:14:22'),('PC.pesage.FLM_RD50',3,543,'2025-04-01 17:21:35'),('PC.pesage.FLM_RA50',3,544,'2025-04-01 17:34:44'),('PC.pesage.FLM_RC50',0,545,'2025-04-01 17:40:43'),('PC.pesage.FLM_RC50',2,546,'2025-04-01 17:49:05'),('PC.pesage.FLM_RD50',2,547,'2025-04-01 18:08:11'),('PC.pesage.FLM_RD50',1,548,'2025-04-01 18:15:23'),('PC.pesage.FLM_RC50',1,549,'2025-04-01 18:17:47'),('PC.pesage.FLM_RB50',0,550,'2025-04-01 18:34:32'),('PC.pesage.FLM_RC50',2,551,'2025-04-01 18:36:56'),('PC.pesage.FLM_RB50',1,552,'2025-04-01 18:38:08'),('PC.pesage.FLM_RD50',2,553,'2025-04-01 18:38:08'),('PC.pesage.FLM_RD50',1,554,'2025-04-01 18:46:29'),('PC.pesage.FLM_RB50',3,555,'2025-04-01 18:51:15'),('PC.pesage.FLM_RC50',0,556,'2025-04-01 18:51:15'),('PC.pesage.FLM_RD50',0,557,'2025-04-01 18:51:15'),('PC.pesage.FLM_RD50',1,558,'2025-04-01 18:56:02'),('PC.pesage.FLM_RC50',2,559,'2025-04-01 19:00:48'),('PC.pesage.FLM_RB50',0,560,'2025-04-01 19:11:34'),('PC.pesage.FLM_RD50',3,561,'2025-04-01 19:27:05'),('PC.pesage.FLM_RB50',3,562,'2025-04-01 19:28:17'),('PC.pesage.FLM_RD50',0,563,'2025-04-01 19:29:28'),('PC.pesage.FLM_RA50',0,564,'2025-04-01 19:35:25'),('PC.pesage.FLM_RB50',0,565,'2025-04-01 19:37:49'),('PC.pesage.FLM_RD50',2,566,'2025-04-01 19:37:49'),('PC.pesage.FLM_RD50',3,567,'2025-04-01 19:41:23'),('PC.pesage.FLM_RA50',3,568,'2025-04-01 20:22:00'),('PC.pesage.FLM_RB50',2,569,'2025-04-01 20:42:18'),('PC.pesage.FLM_RA50',2,570,'2025-04-01 21:26:36'),('PC.pesage.FLM_RB50',0,571,'2025-04-01 22:31:03'),('PC.pesage.FLM_RC50',0,572,'2025-04-01 22:31:03'),('PC.pesage.FLM_RD50',0,573,'2025-04-01 22:31:03'),('PC.pesage.FLM_RA50',0,574,'2025-04-01 22:32:15'),('PC.pesage.FLM_RC50',2,575,'2025-04-01 22:45:23'),('PC.pesage.FLM_RB50',2,576,'2025-04-01 22:46:35'),('PC.pesage.FLM_RD50',2,577,'2025-04-01 22:46:35'),('PC.pesage.FLM_RA50',2,578,'2025-04-01 22:47:47'),('PC.pesage.FLM_RB50',1,579,'2025-04-01 22:59:45'),('PC.pesage.FLM_RD50',1,580,'2025-04-01 22:59:45'),('PC.pesage.FLM_RA50',0,581,'2025-04-01 23:04:31'),('PC.pesage.FLM_RA50',1,582,'2025-04-01 23:15:17'),('PC.pesage.FLM_RC50',0,583,'2025-04-01 23:16:29'),('PC.pesage.FLM_RC50',1,584,'2025-04-01 23:20:04'),('PC.pesage.FLM_RD50',0,585,'2025-04-01 23:28:27'),('PC.pesage.FLM_RB50',2,586,'2025-04-01 23:36:51'),('PC.pesage.FLM_RD50',1,587,'2025-04-01 23:39:16'),('PC.pesage.FLM_RB50',1,588,'2025-04-01 23:41:39'),('PC.pesage.FLM_RA50',0,589,'2025-04-02 00:04:23'),('PC.pesage.FLM_RC50',0,590,'2025-04-02 00:04:23'),('PC.pesage.FLM_RA50',1,591,'2025-04-02 00:07:58'),('PC.pesage.FLM_RB50',0,592,'2025-04-02 00:07:58'),('PC.pesage.FLM_RC50',1,593,'2025-04-02 00:07:58'),('PC.pesage.FLM_RD50',0,594,'2025-04-02 00:07:58'),('PC.pesage.FLM_RB50',1,595,'2025-04-02 00:10:21'),('PC.pesage.FLM_RD50',1,596,'2025-04-02 00:10:21'),('PC.pesage.FLM_RC50',0,597,'2025-04-02 00:19:56'),('PC.pesage.FLM_RA50',0,598,'2025-04-02 00:25:56'),('PC.pesage.FLM_RB50',0,599,'2025-04-02 00:25:56'),('PC.pesage.FLM_RD50',0,600,'2025-04-02 00:25:56'),('PC.pesage.FLM_RB50',2,601,'2025-04-02 00:36:41'),('PC.pesage.FLM_RC50',2,602,'2025-04-02 00:43:53'),('PC.pesage.FLM_RA50',2,603,'2025-04-02 00:51:04'),('PC.pesage.FLM_RD50',2,604,'2025-04-02 00:54:39'),('PC.pesage.FLM_RA50',0,605,'2025-04-02 01:09:00'),('PC.pesage.FLM_RA50',1,606,'2025-04-02 01:16:09'),('PC.pesage.FLM_RA50',2,607,'2025-04-02 01:20:55'),('PC.pesage.FLM_RD50',3,608,'2025-04-02 01:22:07'),('PC.pesage.FLM_RB50',0,609,'2025-04-02 01:44:47'),('PC.pesage.FLM_RD50',2,610,'2025-04-02 01:56:42'),('PC.pesage.FLM_RA50',1,611,'2025-04-02 01:59:04'),('PC.pesage.FLM_RC50',0,612,'2025-04-02 02:25:23'),('PC.pesage.FLM_RA50',0,613,'2025-04-02 02:40:56'),('PC.pesage.FLM_RA50',1,614,'2025-04-02 02:44:32'),('PC.pesage.FLM_RD50',3,615,'2025-04-02 02:49:20'),('PC.pesage.FLM_RD50',2,616,'2025-04-02 03:06:07'),('PC.pesage.FLM_RD50',3,617,'2025-04-02 03:19:15'),('PC.pesage.FLM_RD50',2,618,'2025-04-02 03:21:37'),('PC.pesage.FLM_RA50',2,619,'2025-04-02 03:33:35'),('PC.pesage.FLM_RA50',0,620,'2025-04-02 04:10:36'),('PC.pesage.FLM_RB50',2,621,'2025-04-02 04:23:43'),('PC.pesage.FLM_RB50',0,622,'2025-04-02 04:47:37'),('PC.pesage.FLM_RB50',1,623,'2025-04-02 04:57:12'),('PC.pesage.FLM_RB50',2,624,'2025-04-02 05:00:47'),('PC.pesage.FLM_RD50',1,625,'2025-04-02 05:05:34'),('PC.pesage.FLM_RB50',1,626,'2025-04-02 05:15:07'),('PC.pesage.FLM_RD50',0,627,'2025-04-02 07:18:06'),('PC.pesage.FLM_RD50',1,628,'2025-04-02 07:22:55'),('PC.pesage.FLM_RD50',0,629,'2025-04-02 07:30:07'),('PC.pesage.FLM_RC50',2,630,'2025-04-02 07:40:56'),('PC.pesage.FLM_RB50',0,631,'2025-04-02 07:51:42'),('PC.pesage.FLM_RB50',1,632,'2025-04-02 07:55:16'),('PC.pesage.FLM_RB50',0,633,'2025-04-02 08:13:11'),('PC.pesage.FLM_RD50',1,634,'2025-04-02 08:19:09'),('PC.pesage.FLM_RD50',0,635,'2025-04-02 08:59:50'),('PC.pesage.FLM_RC50',1,636,'2025-04-02 09:12:58'),('PC.pesage.FLM_RC50',0,637,'2025-04-02 09:50:07'),('PC.pesage.FLM_RD50',1,638,'2025-04-02 09:54:55'),('PC.pesage.FLM_RC50',1,639,'2025-04-02 09:56:06'),('PC.pesage.FLM_RC50',2,640,'2025-04-02 10:00:53'),('PC.pesage.FLM_RD50',2,641,'2025-04-02 10:22:30'),('PC.pesage.FLM_RD50',3,642,'2025-04-02 10:32:07'),('PC.pesage.FLM_RD50',2,643,'2025-04-02 11:43:48'),('PC.pesage.FLM_RD50',3,644,'2025-04-02 12:13:41'),('PC.pesage.FLM_RD50',2,645,'2025-04-02 12:17:16'),('PC.pesage.FLM_RC50',0,646,'2025-04-02 12:20:50'),('PC.pesage.FLM_RD50',0,647,'2025-04-02 12:20:50'),('PC.pesage.FLM_RD50',1,648,'2025-04-02 15:39:23'),('PC.pesage.FLM_RD50',3,649,'2025-04-02 15:42:59'),('PC.pesage.FLM_RC50',1,650,'2025-04-02 15:45:22'),('PC.pesage.FLM_RD50',0,651,'2025-04-02 16:12:56'),('PC.pesage.FLM_RD50',1,652,'2025-04-02 16:23:46'),('PC.pesage.FLM_RD50',0,653,'2025-04-02 16:33:22'),('PC.pesage.FLM_RC50',0,654,'2025-04-02 17:28:19'),('PC.pesage.FLM_RC50',1,655,'2025-04-02 17:35:29'),('PC.pesage.FLM_RC50',2,656,'2025-04-02 17:48:37'),('PC.pesage.FLM_RC50',0,657,'2025-04-02 17:59:22'),('PC.pesage.FLM_RC50',1,658,'2025-04-02 18:07:43'),('PC.pesage.FLM_RC50',3,659,'2025-04-02 18:13:40'),('PC.pesage.FLM_RC50',2,660,'2025-04-02 18:27:58'),('PC.pesage.FLM_RC50',0,661,'2025-04-02 18:36:20'),('PC.pesage.FLM_RD50',1,662,'2025-04-03 00:31:21'),('PC.pesage.FLM_RD50',3,663,'2025-04-03 00:39:42'),('PC.pesage.FLM_RB50',1,664,'2025-04-03 00:40:53'),('PC.pesage.FLM_RC50',1,665,'2025-04-03 00:58:47'),('PC.pesage.FLM_RA50',3,666,'2025-04-03 01:00:00'),('PC.pesage.FLM_RC50',2,667,'2025-04-03 01:06:01'),('PC.pesage.FLM_RD50',0,668,'2025-04-03 01:08:25'),('PC.pesage.FLM_RB50',0,669,'2025-04-03 01:12:01'),('PC.pesage.FLM_RA50',0,670,'2025-04-03 01:16:50'),('PC.pesage.FLM_RD50',1,671,'2025-04-03 01:18:02'),('PC.pesage.FLM_RD50',3,672,'2025-04-03 01:21:39'),('PC.pesage.FLM_RD50',0,673,'2025-04-03 01:24:03'),('PC.pesage.FLM_RC50',0,674,'2025-04-03 01:27:39'),('PC.pesage.FLM_RD50',3,675,'2025-04-03 11:21:48'),('PC.pesage.FLM_RA50',0,676,'2025-04-03 11:26:33'),('PC.pesage.FLM_RA50',1,677,'2025-04-03 11:33:43'),('PC.pesage.FLM_RB50',1,678,'2025-04-03 11:34:54'),('PC.pesage.FLM_RB50',0,679,'2025-04-03 11:38:29'),('PC.pesage.FLM_RC50',1,680,'2025-04-03 11:40:53'),('PC.pesage.FLM_RB50',1,681,'2025-04-03 11:42:04'),('PC.pesage.FLM_RB50',0,682,'2025-04-03 11:44:28'),('PC.pesage.FLM_RC50',2,683,'2025-04-03 11:45:39'),('PC.pesage.FLM_RB50',1,684,'2025-04-03 11:46:51'),('PC.pesage.FLM_RB50',0,685,'2025-04-03 11:49:13'),('PC.pesage.FLM_RA50',2,686,'2025-04-03 11:50:25'),('PC.pesage.FLM_RB50',1,687,'2025-04-03 11:52:49'),('PC.pesage.FLM_RB50',0,688,'2025-04-03 11:54:01'),('PC.pesage.FLM_RB50',1,689,'2025-04-03 11:57:37'),('PC.pesage.FLM_RB50',0,690,'2025-04-03 12:01:13'),('PC.pesage.FLM_RB50',1,691,'2025-04-03 12:04:48'),('PC.pesage.FLM_RD50',2,692,'2025-04-03 12:15:34'),('PC.pesage.FLM_RA50',1,693,'2025-04-03 12:16:46'),('PC.pesage.FLM_RB50',0,694,'2025-04-03 12:16:46'),('PC.pesage.FLM_RA50',0,695,'2025-04-03 12:41:55'),('PC.pesage.FLM_RB50',1,696,'2025-04-03 12:46:43'),('PC.pesage.FLM_RB50',0,697,'2025-04-03 12:50:18'),('PC.pesage.FLM_RA50',2,698,'2025-04-03 12:51:30'),('PC.pesage.FLM_RB50',1,699,'2025-04-03 12:53:53'),('PC.pesage.FLM_RB50',0,700,'2025-04-03 12:57:28'),('PC.pesage.FLM_RD50',3,701,'2025-04-03 12:57:28'),('PC.pesage.FLM_RC50',0,702,'2025-04-03 13:03:28'),('PC.pesage.FLM_RB50',1,703,'2025-04-03 13:08:17'),('PC.pesage.FLM_RB50',0,704,'2025-04-03 13:09:29'),('PC.pesage.FLM_RB50',1,705,'2025-04-03 13:13:05'),('PC.pesage.FLM_RB50',0,706,'2025-04-03 13:14:17'),('PC.pesage.FLM_RB50',1,707,'2025-04-03 13:16:41'),('PC.pesage.FLM_RB50',0,708,'2025-04-03 13:19:05'),('PC.pesage.FLM_RA50',1,709,'2025-04-03 13:21:30'),('PC.pesage.FLM_RD50',0,710,'2025-04-03 13:27:30'),('PC.pesage.FLM_RA50',0,711,'2025-04-03 13:31:05'),('PC.pesage.FLM_RC50',1,712,'2025-04-03 13:50:15'),('PC.pesage.FLM_RD50',1,713,'2025-04-03 13:52:38'),('PC.pesage.FLM_RC50',0,714,'2025-04-03 14:04:34'),('PC.pesage.FLM_RD50',0,715,'2025-04-03 14:05:46'),('PC.pesage.FLM_RA50',1,716,'2025-04-03 20:31:00'),('PC.pesage.FLM_RA50',0,717,'2025-04-03 20:36:59'),('PC.pesage.FLM_RA50',1,718,'2025-04-03 20:56:07'),('PC.pesage.FLM_RA50',3,719,'2025-04-03 21:00:53'),('PC.pesage.FLM_RA50',0,720,'2025-04-03 21:35:33'),('PC.pesage.FLM_RA50',2,721,'2025-04-03 22:17:33'),('PC.pesage.FLM_RA50',0,722,'2025-04-03 22:25:56'),('PC.pesage.FLM_RA50',3,723,'2025-04-03 23:14:53'),('PC.pesage.FLM_RA50',0,724,'2025-04-03 23:39:59'),('PC.pesage.FLM_RA50',2,725,'2025-04-04 01:45:40'),('PC.pesage.FLM_RA50',0,726,'2025-04-04 02:51:21'),('PC.pesage.FLM_RA50',2,727,'2025-04-04 03:20:06'),('PC.pesage.FLM_RA50',0,728,'2025-04-04 04:40:22'),('PC.pesage.FLM_RA50',1,729,'2025-04-04 04:57:04'),('PC.pesage.FLM_RA50',0,730,'2025-04-04 05:30:29'),('PC.pesage.FLM_RA50',1,731,'2025-04-04 05:56:45'),('PC.pesage.FLM_RA50',0,732,'2025-04-04 06:47:00'),('PC.pesage.FLM_RB50',1,733,'2025-04-04 06:51:47'),('PC.pesage.FLM_RB50',2,734,'2025-04-04 07:10:55'),('PC.pesage.FLM_RB50',0,735,'2025-04-04 07:33:39'),('PC.pesage.FLM_RB50',2,736,'2025-04-04 07:42:01'),('PC.pesage.FLM_RB50',0,737,'2025-04-04 07:44:24'),('PC.pesage.FLM_RB50',2,738,'2025-04-04 07:56:22'),('PC.pesage.FLM_RB50',0,739,'2025-04-04 08:36:59'),('PC.pesage.FLM_RB50',2,740,'2025-04-04 09:26:12'),('PC.pesage.FLM_RB50',0,741,'2025-04-04 09:33:24'),('PC.pesage.FLM_RB50',1,742,'2025-04-04 09:38:12'),('PC.pesage.FLM_RB50',0,743,'2025-04-04 10:15:22'),('PC.pesage.FLM_RB50',2,744,'2025-04-05 02:51:20'),('PC.pesage.FLM_RC50',1,745,'2025-04-05 02:53:44'),('PC.pesage.FLM_RC50',2,746,'2025-04-05 02:59:41'),('PC.pesage.FLM_RD50',1,747,'2025-04-05 03:02:05'),('PC.pesage.FLM_RD50',2,748,'2025-04-05 03:11:41'),('PC.pesage.FLM_RD50',1,749,'2025-04-05 03:16:29'),('PC.pesage.FLM_RA50',2,750,'2025-04-05 03:17:41'),('PC.pesage.FLM_RC50',3,751,'2025-04-05 03:57:11'),('PC.pesage.FLM_RC50',2,752,'2025-04-05 04:11:32'),('PC.pesage.FLM_RD50',0,753,'2025-04-05 04:58:09'),('PC.pesage.FLM_RD50',1,754,'2025-04-05 05:01:44'),('PC.pesage.FLM_RD50',0,755,'2025-04-05 05:33:56'),('PC.pesage.FLM_RD50',1,756,'2025-04-05 05:37:32'),('PC.pesage.FLM_RD50',0,757,'2025-04-05 05:39:55'),('PC.pesage.FLM_RD50',1,758,'2025-04-05 05:43:31'),('PC.pesage.FLM_RD50',2,759,'2025-04-05 05:55:27'),('PC.pesage.FLM_RD50',3,760,'2025-04-05 08:26:09'),('PC.pesage.FLM_RA50',0,761,'2025-04-05 08:32:08'),('PC.pesage.FLM_RB50',0,762,'2025-04-05 08:48:54'),('PC.pesage.FLM_RD50',0,763,'2025-04-05 08:50:06'),('PC.pesage.FLM_RD50',1,764,'2025-04-05 08:54:53'),('PC.pesage.FLM_RB50',2,765,'2025-04-05 09:04:26'),('PC.pesage.FLM_RD50',0,766,'2025-04-05 09:25:54'),('PC.pesage.FLM_RD50',1,767,'2025-04-05 09:29:29'),('PC.pesage.FLM_RD50',0,768,'2025-04-05 09:37:52'),('PC.pesage.FLM_RD50',1,769,'2025-04-05 09:41:27'),('PC.pesage.FLM_RD50',0,770,'2025-04-05 09:42:39'),('PC.pesage.FLM_RD50',1,771,'2025-04-05 09:46:13'),('PC.pesage.FLM_RC50',0,772,'2025-04-05 10:22:05'),('PC.pesage.FLM_RA50',2,773,'2025-04-05 10:37:39'),('PC.pesage.FLM_RC50',2,774,'2025-04-05 10:46:04'),('PC.pesage.FLM_RD50',0,775,'2025-04-05 11:29:15'),('PC.pesage.FLM_RD50',3,776,'2025-04-05 11:41:11'),('PC.pesage.FLM_RB50',0,777,'2025-04-05 12:24:12'),('PC.pesage.FLM_RA50',0,778,'2025-04-05 12:50:28'),('PC.pesage.FLM_RC50',0,779,'2025-04-05 12:54:03'),('PC.pesage.FLM_RD50',0,780,'2025-04-05 12:54:03'),('PC.pesage.FLM_RC50',2,781,'2025-04-05 13:07:10'),('PC.pesage.FLM_RD50',3,782,'2025-04-05 13:07:10'),('PC.pesage.FLM_RB50',1,783,'2025-04-05 13:20:19'),('PC.pesage.FLM_RA50',2,784,'2025-04-05 13:22:42'),('PC.pesage.FLM_RB50',2,785,'2025-04-05 13:25:05'),('PC.pesage.FLM_RA50',1,786,'2025-04-05 14:47:41'),('PC.pesage.FLM_RA50',2,787,'2025-04-05 15:04:26'),('PC.pesage.FLM_RD50',0,788,'2025-04-05 15:04:26'),('PC.pesage.FLM_RA50',1,789,'2025-04-05 15:09:12'),('PC.pesage.FLM_RD50',2,790,'2025-04-05 15:15:11'),('PC.pesage.FLM_RD50',3,791,'2025-04-05 15:18:48'),('PC.pesage.FLM_RD50',0,792,'2025-04-05 15:22:22'),('PC.pesage.FLM_RA50',2,793,'2025-04-05 15:28:20'),('PC.pesage.FLM_RA50',0,794,'2025-04-05 15:34:17'),('PC.pesage.FLM_RD50',3,795,'2025-04-05 15:34:17'),('PC.pesage.FLM_RD50',2,796,'2025-04-05 15:55:48'),('PC.pesage.FLM_RC50',0,797,'2025-04-05 16:00:36'),('PC.pesage.FLM_RC50',2,798,'2025-04-05 16:12:32'),('PC.pesage.FLM_RD50',1,799,'2025-04-05 16:17:19'),('PC.pesage.FLM_RD50',0,800,'2025-04-05 16:34:05'),('PC.pesage.FLM_RA50',1,801,'2025-04-05 16:35:17'),('PC.pesage.FLM_RA50',0,802,'2025-04-05 16:37:40'),('PC.pesage.FLM_RD50',1,803,'2025-04-05 16:38:52'),('PC.pesage.FLM_RD50',3,804,'2025-04-05 16:44:51'),('PC.pesage.FLM_RA50',3,805,'2025-04-05 17:33:51'),('PC.pesage.FLM_RA50',1,806,'2025-04-05 18:13:14'),('PC.pesage.FLM_RA50',0,807,'2025-04-05 18:15:38'),('PC.pesage.FLM_RC50',0,808,'2025-04-05 18:24:00'),('PC.pesage.FLM_RA50',3,809,'2025-04-05 18:37:10'),('PC.pesage.FLM_RC50',2,810,'2025-04-05 18:37:10'),('PC.pesage.FLM_RC50',0,811,'2025-04-05 18:38:21'),('PC.pesage.FLM_RB50',0,812,'2025-04-05 18:53:53'),('PC.pesage.FLM_RC50',2,813,'2025-04-05 18:59:53'),('PC.pesage.FLM_RC50',0,814,'2025-04-05 19:02:17'),('PC.pesage.FLM_RD50',0,815,'2025-04-05 19:02:17'),('PC.pesage.FLM_RB50',2,816,'2025-04-05 19:07:05'),('PC.pesage.FLM_RC50',2,817,'2025-04-05 19:14:16'),('PC.pesage.FLM_RD50',3,818,'2025-04-05 19:14:16'),('PC.pesage.FLM_RD50',0,819,'2025-04-05 19:40:34'),('PC.pesage.FLM_RC50',3,820,'2025-04-05 19:58:31'),('PC.pesage.FLM_RB50',0,821,'2025-04-05 20:16:27'),('PC.pesage.FLM_RB50',2,822,'2025-04-05 20:30:51'),('PC.pesage.FLM_RA50',0,823,'2025-04-05 20:59:33'),('PC.pesage.FLM_RD50',3,824,'2025-04-05 21:03:08'),('PC.pesage.FLM_RC50',0,825,'2025-04-05 21:04:20'),('PC.pesage.FLM_RA50',3,826,'2025-04-05 21:13:52'),('PC.pesage.FLM_RB50',0,827,'2025-04-05 21:29:24'),('PC.pesage.FLM_RC50',2,828,'2025-04-05 21:55:45'),('PC.pesage.FLM_RD50',0,829,'2025-04-05 22:10:03'),('PC.pesage.FLM_RA50',1,830,'2025-04-05 22:42:21'),('PC.pesage.FLM_RC50',1,831,'2025-04-05 22:42:21'),('PC.pesage.FLM_RA50',3,832,'2025-04-05 23:21:50'),('PC.pesage.FLM_RC50',0,833,'2025-04-05 23:25:26'),('PC.pesage.FLM_RC50',1,834,'2025-04-05 23:29:00'),('PC.pesage.FLM_RC50',0,835,'2025-04-05 23:31:23'),('PC.pesage.FLM_RA50',0,836,'2025-04-05 23:33:47'),('PC.pesage.FLM_RC50',2,837,'2025-04-06 00:10:50'),('PC.pesage.FLM_RC50',0,838,'2025-04-06 00:33:36'),('PC.pesage.FLM_RB50',2,839,'2025-04-06 02:35:31'),('PC.pesage.FLM_RA50',3,840,'2025-04-06 03:00:37'),('PC.pesage.FLM_RD50',3,841,'2025-04-06 03:00:37'),('PC.pesage.FLM_RB50',0,842,'2025-04-06 03:07:47'),('PC.pesage.FLM_RA50',0,843,'2025-04-06 03:14:56'),('PC.pesage.FLM_RD50',0,844,'2025-04-06 03:18:31'),('PC.pesage.FLM_RA50',3,845,'2025-04-06 03:46:00'),('PC.pesage.FLM_RD50',3,846,'2025-04-06 03:47:11'),('PC.pesage.FLM_RB50',2,847,'2025-04-06 03:48:23'),('PC.pesage.FLM_RB50',0,848,'2025-04-06 04:01:32'),('PC.pesage.FLM_RB50',2,849,'2025-04-06 04:14:42'),('PC.pesage.FLM_RA50',0,850,'2025-04-06 04:15:54'),('PC.pesage.FLM_RD50',0,851,'2025-04-06 04:15:54'),('PC.pesage.FLM_RB50',0,852,'2025-04-06 04:18:18'),('PC.pesage.FLM_RA50',3,853,'2025-04-06 04:51:47'),('PC.pesage.FLM_RD50',3,854,'2025-04-06 04:52:59'),('PC.pesage.FLM_RA50',0,855,'2025-04-06 04:55:23'),('PC.pesage.FLM_RD50',0,856,'2025-04-06 04:56:35'),('PC.pesage.FLM_RC50',1,857,'2025-04-06 16:10:45'),('PC.pesage.FLM_RC50',0,858,'2025-04-06 16:16:45'),('PC.pesage.FLM_RB50',2,859,'2025-04-06 16:21:33'),('PC.pesage.FLM_RD50',1,860,'2025-04-06 16:28:43'),('PC.pesage.FLM_RC50',1,861,'2025-04-06 16:33:30'),('PC.pesage.FLM_RC50',2,862,'2025-04-06 16:38:18'),('PC.pesage.FLM_RD50',3,863,'2025-04-06 16:38:18'),('PC.pesage.FLM_RC50',0,864,'2025-04-06 17:10:35'),('PC.pesage.FLM_RC50',1,865,'2025-04-06 17:18:59'),('PC.pesage.FLM_RC50',2,866,'2025-04-06 17:23:47'),('PC.pesage.FLM_RD50',0,867,'2025-04-06 17:32:10'),('PC.pesage.FLM_RC50',0,868,'2025-04-06 17:40:33'),('PC.pesage.FLM_RD50',2,869,'2025-04-06 17:40:33'),('PC.pesage.FLM_RC50',1,870,'2025-04-06 17:53:40'),('PC.pesage.FLM_RC50',2,871,'2025-04-06 17:58:28'),('PC.pesage.FLM_RB50',0,872,'2025-04-06 18:04:27'),('PC.pesage.FLM_RC50',0,873,'2025-04-06 18:05:39'),('PC.pesage.FLM_RC50',1,874,'2025-04-06 18:17:37'),('PC.pesage.FLM_RD50',0,875,'2025-04-06 18:18:48'),('PC.pesage.FLM_RB50',1,876,'2025-04-06 18:20:00'),('PC.pesage.FLM_RC50',2,877,'2025-04-06 18:25:58'),('PC.pesage.FLM_RC50',0,878,'2025-04-06 18:30:44'),('PC.pesage.FLM_RB50',2,879,'2025-04-06 18:34:20'),('PC.pesage.FLM_RD50',2,880,'2025-04-06 18:41:31'),('PC.pesage.FLM_RD50',3,881,'2025-04-06 19:11:21'),('PC.pesage.FLM_RB50',0,882,'2025-04-06 19:31:38'),('PC.pesage.FLM_RB50',2,883,'2025-04-06 19:48:19'),('PC.pesage.FLM_RD50',2,884,'2025-04-06 20:08:43'),('PC.pesage.FLM_RB50',0,885,'2025-04-06 20:27:51'),('PC.pesage.FLM_RB50',2,886,'2025-04-06 20:41:00'),('PC.pesage.FLM_RD50',3,887,'2025-04-06 20:42:11'),('PC.pesage.FLM_RD50',0,888,'2025-04-06 20:46:58'),('PC.pesage.FLM_RD50',3,889,'2025-04-06 21:13:16'),('PC.pesage.FLM_RD50',0,890,'2025-04-06 21:14:27'),('PC.pesage.FLM_RD50',1,891,'2025-04-06 21:22:49'),('PC.pesage.FLM_RD50',3,892,'2025-04-06 22:09:25'),('PC.pesage.FLM_RB50',0,893,'2025-04-06 22:10:36'),('PC.pesage.FLM_RD50',0,894,'2025-04-06 22:10:36'),('PC.pesage.FLM_RD50',3,895,'2025-04-06 22:19:00'),('PC.pesage.FLM_RD50',0,896,'2025-04-06 22:21:24'),('PC.pesage.FLM_RB50',2,897,'2025-04-06 22:25:00'),('PC.pesage.FLM_RB50',0,898,'2025-04-06 22:35:48'),('PC.pesage.FLM_RD50',3,899,'2025-04-06 22:39:24'),('PC.pesage.FLM_RC50',1,900,'2025-04-06 22:43:01'),('PC.pesage.FLM_RB50',1,901,'2025-04-06 22:46:37'),('PC.pesage.FLM_RC50',2,902,'2025-04-06 22:47:49'),('PC.pesage.FLM_RD50',0,903,'2025-04-06 22:47:49'),('PC.pesage.FLM_RB50',2,904,'2025-04-06 22:52:36'),('PC.pesage.FLM_RC50',0,905,'2025-04-06 22:53:48'),('PC.pesage.FLM_RD50',2,906,'2025-04-06 23:03:23'),('PC.pesage.FLM_RD50',3,907,'2025-04-06 23:06:59'),('PC.pesage.FLM_RC50',1,908,'2025-04-06 23:11:45'),('PC.pesage.FLM_RC50',2,909,'2025-04-06 23:16:32'),('PC.pesage.FLM_RD50',2,910,'2025-04-06 23:46:28'),('PC.pesage.FLM_RC50',0,911,'2025-04-06 23:54:49'),('PC.pesage.FLM_RD50',3,912,'2025-04-07 00:03:13'),('PC.pesage.FLM_RC50',1,913,'2025-04-07 00:04:25'),('PC.pesage.FLM_RC50',2,914,'2025-04-07 00:09:11'),('PC.pesage.FLM_RD50',2,915,'2025-04-07 00:23:30'),('PC.pesage.FLM_RB50',0,916,'2025-04-07 00:30:41'),('PC.pesage.FLM_RB50',1,917,'2025-04-07 00:42:37'),('PC.pesage.FLM_RB50',2,918,'2025-04-07 00:46:11'),('PC.pesage.FLM_RB50',0,919,'2025-04-07 00:47:22'),('PC.pesage.FLM_RD50',3,920,'2025-04-07 00:49:46'),('PC.pesage.FLM_RD50',0,921,'2025-04-07 00:55:44'),('PC.pesage.FLM_RC50',0,922,'2025-04-07 00:56:56'),('PC.pesage.FLM_RB50',3,923,'2025-04-07 01:05:17'),('PC.pesage.FLM_RD50',2,924,'2025-04-07 01:05:17'),('PC.pesage.FLM_RC50',1,925,'2025-04-07 01:06:29'),('PC.pesage.FLM_RD50',0,926,'2025-04-07 01:06:29'),('PC.pesage.FLM_RC50',2,927,'2025-04-07 01:10:05'),('PC.pesage.FLM_RB50',0,928,'2025-04-07 01:16:06'),('PC.pesage.FLM_RD50',3,929,'2025-04-07 01:23:19'),('PC.pesage.FLM_RD50',0,930,'2025-04-07 01:24:31'),('PC.pesage.FLM_RC50',0,931,'2025-04-07 01:29:20'),('PC.pesage.FLM_RD50',2,932,'2025-04-07 01:34:08'),('PC.pesage.FLM_RD50',3,933,'2025-04-07 01:37:44'),('PC.pesage.FLM_RD50',0,934,'2025-04-07 01:48:30'),('PC.pesage.FLM_RB50',2,935,'2025-04-07 01:54:30'),('PC.pesage.FLM_RC50',1,936,'2025-04-07 01:55:42'),('PC.pesage.FLM_RC50',2,937,'2025-04-07 01:58:05'),('PC.pesage.FLM_RD50',3,938,'2025-04-07 01:59:17'),('PC.pesage.FLM_RD50',2,939,'2025-04-07 02:08:50'),('PC.pesage.FLM_RC50',0,940,'2025-04-07 02:31:32'),('PC.pesage.FLM_RD50',0,941,'2025-04-07 02:35:07'),('PC.pesage.FLM_RC50',2,942,'2025-04-07 02:48:17'),('PC.pesage.FLM_RB50',1,943,'2025-04-07 03:03:49'),('PC.pesage.FLM_RB50',2,944,'2025-04-07 03:14:35'),('PC.pesage.FLM_RB50',0,945,'2025-04-07 03:15:46'),('PC.pesage.FLM_RB50',1,946,'2025-04-07 03:26:31'),('PC.pesage.FLM_RB50',0,947,'2025-04-07 03:32:29'),('PC.pesage.FLM_RB50',1,948,'2025-04-07 03:48:03'),('PC.pesage.FLM_RC50',1,949,'2025-04-07 04:10:51'),('PC.pesage.FLM_RC50',2,950,'2025-04-07 04:14:27'),('PC.pesage.FLM_RC50',0,951,'2025-04-07 04:16:52'),('PC.pesage.FLM_RC50',1,952,'2025-04-07 04:30:03'),('PC.pesage.FLM_RC50',2,953,'2025-04-07 04:36:02'),('PC.pesage.FLM_RC50',1,954,'2025-04-07 04:40:49'),('PC.pesage.FLM_RB50',0,955,'2025-04-07 04:52:46'),('PC.pesage.FLM_RC50',2,956,'2025-04-07 04:52:46'),('PC.pesage.FLM_RB50',1,957,'2025-04-07 05:03:30'),('PC.pesage.FLM_RB50',2,958,'2025-04-07 05:10:41'),('PC.pesage.FLM_RB50',1,959,'2025-04-07 05:33:21'),('PC.pesage.FLM_RC50',0,960,'2025-04-07 05:50:06'),('PC.pesage.FLM_RC50',3,961,'2025-04-07 05:59:38'),('PC.pesage.FLM_RC50',0,962,'2025-04-07 06:00:50'),('PC.pesage.FLM_RC50',3,963,'2025-04-07 06:10:24'),('PC.pesage.FLM_RB50',0,964,'2025-04-07 06:12:47'),('PC.pesage.FLM_RC50',0,965,'2025-04-07 06:12:47'),('PC.pesage.FLM_RA50',0,966,'2025-04-07 10:31:13'),('PC.pesage.FLM_RB50',0,967,'2025-04-07 10:31:13'),('PC.pesage.FLM_RC50',0,968,'2025-04-07 10:31:13'),('PC.pesage.FLM_RD50',0,969,'2025-04-07 10:31:13'),('PC.pesage.FLM_RA50',0,970,'2025-04-07 10:45:37'),('PC.pesage.FLM_RB50',0,971,'2025-04-07 10:45:37'),('PC.pesage.FLM_RC50',0,972,'2025-04-07 10:45:37'),('PC.pesage.FLM_RD50',0,973,'2025-04-07 10:45:37'),('PC.pesage.FLM_RA50',0,974,'2025-04-07 10:51:56'),('PC.pesage.FLM_RB50',0,975,'2025-04-07 10:51:56'),('PC.pesage.FLM_RC50',0,976,'2025-04-07 10:51:56'),('PC.pesage.FLM_RD50',0,977,'2025-04-07 10:51:56'),('PC.pesage.FLM_RA50',0,978,'2025-04-07 11:17:27'),('PC.pesage.FLM_RB50',0,979,'2025-04-07 11:17:27'),('PC.pesage.FLM_RC50',0,980,'2025-04-07 11:17:27'),('PC.pesage.FLM_RD50',0,981,'2025-04-07 11:17:27'),('PC.pesage.FLM_RA50',0,982,'2025-04-07 11:19:06'),('PC.pesage.FLM_RB50',0,983,'2025-04-07 11:19:06'),('PC.pesage.FLM_RC50',0,984,'2025-04-07 11:19:06'),('PC.pesage.FLM_RD50',0,985,'2025-04-07 11:19:06'),('PC.pesage.FLM_RA50',0,986,'2025-04-07 11:33:14'),('PC.pesage.FLM_RB50',0,987,'2025-04-07 11:33:14'),('PC.pesage.FLM_RC50',0,988,'2025-04-07 11:33:14'),('PC.pesage.FLM_RD50',0,989,'2025-04-07 11:33:14'),('PC.pesage.FLM_RA50',0,990,'2025-04-07 11:42:55'),('PC.pesage.FLM_RB50',0,991,'2025-04-07 11:42:55'),('PC.pesage.FLM_RC50',0,992,'2025-04-07 11:42:55'),('PC.pesage.FLM_RD50',0,993,'2025-04-07 11:42:55'),('PC.pesage.FLM_RA50',0,994,'2025-04-07 11:43:54'),('PC.pesage.FLM_RB50',0,995,'2025-04-07 11:43:54'),('PC.pesage.FLM_RC50',0,996,'2025-04-07 11:43:54'),('PC.pesage.FLM_RD50',0,997,'2025-04-07 11:43:54'),('PC.pesage.FLM_RA50',0,998,'2025-04-07 11:51:48'),('PC.pesage.FLM_RB50',0,999,'2025-04-07 11:51:48'),('PC.pesage.FLM_RC50',0,1000,'2025-04-07 11:51:48'),('PC.pesage.FLM_RD50',0,1001,'2025-04-07 11:51:48'),('PC.pesage.FLM_RA50',0,1002,'2025-04-07 11:53:01'),('PC.pesage.FLM_RB50',0,1003,'2025-04-07 11:53:01'),('PC.pesage.FLM_RC50',0,1004,'2025-04-07 11:53:01'),('PC.pesage.FLM_RD50',0,1005,'2025-04-07 11:53:01'),('PC.pesage.FLM_RA50',0,1006,'2025-04-07 11:55:22'),('PC.pesage.FLM_RB50',0,1007,'2025-04-07 11:55:22'),('PC.pesage.FLM_RC50',0,1008,'2025-04-07 11:55:22'),('PC.pesage.FLM_RD50',0,1009,'2025-04-07 11:55:22'),('PC.pesage.FLM_RA50',0,1010,'2025-04-07 12:05:47'),('PC.pesage.FLM_RB50',0,1011,'2025-04-07 12:05:47'),('PC.pesage.FLM_RC50',0,1012,'2025-04-07 12:05:47'),('PC.pesage.FLM_RD50',0,1013,'2025-04-07 12:05:47'),('PC.pesage.FLM_RB50',1,1014,'2025-04-07 15:08:16'),('PC.pesage.FLM_RC50',1,1015,'2025-04-07 15:08:54'),('PC.pesage.FLM_RC50',2,1016,'2025-04-07 15:21:49'),('PC.pesage.FLM_RC50',0,1017,'2025-04-07 15:26:18'),('PC.pesage.FLM_RD50',1,1018,'2025-04-07 15:33:14'),('PC.pesage.FLM_RB50',0,1019,'2025-04-07 15:34:02'),('PC.pesage.FLM_RB50',1,1020,'2025-04-07 15:37:30'),('PC.pesage.FLM_RD50',2,1021,'2025-04-07 15:38:40'),('PC.pesage.FLM_RD50',1,1022,'2025-04-07 15:44:25'),('PC.pesage.FLM_RB50',0,1023,'2025-04-07 15:46:56'),('PC.pesage.FLM_RC50',1,1024,'2025-04-07 15:57:02'),('PC.pesage.FLM_RB50',1,1025,'2025-04-07 15:59:00'),('PC.pesage.FLM_RC50',0,1026,'2025-04-07 16:03:29'),('PC.pesage.FLM_RC50',1,1027,'2025-04-07 16:07:07'),('PC.pesage.FLM_RC50',0,1028,'2025-04-07 16:08:18'),('PC.pesage.FLM_RD50',0,1029,'2025-04-07 16:08:28'),('PC.pesage.FLM_RD50',1,1030,'2025-04-07 16:12:43'),('PC.pesage.FLM_RC50',1,1031,'2025-04-07 16:13:36'),('PC.pesage.FLM_RC50',0,1032,'2025-04-07 16:17:32'),('PC.pesage.FLM_RD50',0,1033,'2025-04-07 16:21:10'),('PC.pesage.FLM_RC50',1,1034,'2025-04-07 16:29:28'),('PC.pesage.FLM_RD50',1,1035,'2025-04-07 16:29:28'),('PC.pesage.FLM_RC50',0,1036,'2025-04-07 16:30:48'),('PC.pesage.FLM_RC50',1,1037,'2025-04-07 16:34:50'),('PC.pesage.FLM_RD50',0,1038,'2025-04-07 17:16:53'),('PC.pesage.FLM_RD50',1,1039,'2025-04-07 17:22:32'),('PC.pesage.FLM_RC50',2,1040,'2025-04-07 17:55:08'),('PC.pesage.FLM_RB50',0,1041,'2025-04-07 17:58:00'),('PC.pesage.FLM_RB50',1,1042,'2025-04-07 18:01:29'),('PC.pesage.FLM_RD50',0,1043,'2025-04-07 18:04:11'),('PC.pesage.FLM_RC50',0,1044,'2025-04-07 18:12:32'),('PC.pesage.FLM_RB50',0,1045,'2025-04-07 18:14:03'),('PC.pesage.FLM_RB50',1,1046,'2025-04-07 22:00:27'),('PC.pesage.FLM_RC50',1,1047,'2025-04-07 22:00:36'),('PC.pesage.FLM_RD50',1,1048,'2025-04-07 22:00:45'),('PC.pesage.FLM_RC50',0,1049,'2025-04-07 22:18:32'),('PC.pesage.FLM_RB50',0,1050,'2025-04-07 22:19:38'),('PC.pesage.FLM_RC50',1,1051,'2025-04-07 22:29:06'),('PC.pesage.FLM_RB50',1,1052,'2025-04-07 22:29:24'),('PC.pesage.FLM_RB50',0,1053,'2025-04-07 22:30:17'),('PC.pesage.FLM_RB50',1,1054,'2025-04-07 22:33:44'),('PC.pesage.FLM_RD50',0,1055,'2025-04-07 22:36:25'),('PC.pesage.FLM_RD50',1,1056,'2025-04-07 22:45:01'),('PC.pesage.FLM_RB50',0,1057,'2025-04-07 22:55:43'),('PC.pesage.FLM_RB50',1,1058,'2025-04-07 22:59:12'),('PC.pesage.FLM_RB50',0,1059,'2025-04-07 23:03:41'),('PC.pesage.FLM_RB50',1,1060,'2025-04-07 23:13:17'),('PC.pesage.FLM_RB50',0,1061,'2025-04-08 00:02:07'),('PC.pesage.FLM_RB50',1,1062,'2025-04-08 00:05:36'),('PC.pesage.FLM_RB50',0,1063,'2025-04-08 00:06:04'),('PC.pesage.FLM_RB50',1,1064,'2025-04-08 00:12:50'),('PC.pesage.FLM_RB50',0,1065,'2025-04-08 00:14:20'),('PC.pesage.FLM_RB50',1,1066,'2025-04-08 00:17:39'),('PC.pesage.FLM_RC50',0,1067,'2025-04-08 00:33:05'),('PC.pesage.FLM_RD50',0,1068,'2025-04-08 00:33:05'),('PC.pesage.FLM_RB50',0,1069,'2025-04-08 00:57:42');
/*!40000 ALTER TABLE `v1` ENABLE KEYS */;
UNLOCK TABLES;
/*!40103 SET TIME_ZONE=@OLD_TIME_ZONE */;

/*!40101 SET SQL_MODE=@OLD_SQL_MODE */;
/*!40014 SET FOREIGN_KEY_CHECKS=@OLD_FOREIGN_KEY_CHECKS */;
/*!40014 SET UNIQUE_CHECKS=@OLD_UNIQUE_CHECKS */;
/*!40101 SET CHARACTER_SET_CLIENT=@OLD_CHARACTER_SET_CLIENT */;
/*!40101 SET CHARACTER_SET_RESULTS=@OLD_CHARACTER_SET_RESULTS */;
/*!40101 SET COLLATION_CONNECTION=@OLD_COLLATION_CONNECTION */;
/*!40111 SET SQL_NOTES=@OLD_SQL_NOTES */;

-- Dump completed on 2025-05-16 13:17:12
